tempo_s,T_real_C,T_termopar_C,Tensao_termopar_mV,R_Pt100_Ohm,R_NTC_Ohm
0,80.0,0.0,-0.0006748914821904104,130.8968,1270.3202348436205
1,80.1399583118747,6.678329859322891,0.23977459972725285,130.95020556100226,1264.703852425931
2,80.2796666199605,12.811774589376025,0.434637148298962,131.0035134686858,1259.1266742312862
3,80.41887554494849,18.445699669007062,0.8955511759206327,131.05662858657118,1253.598249538529
4,80.55733695492891,23.621669442833884,1.1595494888702915,131.10945627006754,1248.1278779731254
5,80.69480458519237,28.377764038030424,1.181169702817617,131.16190260265404,1242.7245916880831
6,80.83103465336414,32.74886992264157,1.6382096830393567,131.21387463015338,1237.3971391914176
7,80.96578646833387,36.76694630144926,1.2791069755327187,131.26528059251424,1232.1539707836923
8,81.09882303145874,40.46126936228338,1.620180151997675,131.31603015252819,1227.003225558812
9,81.22991162853738,43.85865621780455,1.6548404408094257,131.36603462091261,1221.9527199121324
10,81.35882441107508,46.98367023391043,1.5530231561757157,131.41520717720383,1217.0099374920521
11,81.48533896538692,49.8588092948668,2.027675043920999,131.4634630859131,1212.1820205244676
12,81.60923886811715,52.504678425970994,2.128342313788154,131.51071990741266,1207.4757624338858
13,81.73031422678561,54.94014807603888,2.5552360197660207,131.55689770303118,1202.8976016806462
14,81.84836220401039,57.18249925336984,2.470644806299119,131.60191923385446,1198.4536167303324
15,81.96318752409658,59.24755660926374,2.224312456113972,131.64571015274154,1194.1495220692436
16,82.07460296072465,61.14981047188548,2.8779607426141425,131.6881991890855,1189.9906651786737
17,82.18242980451961,62.90252874960499,2.8232104178388755,131.72931832586522,1185.9820243804027
18,82.28649830933234,64.51785954624894,2.76165178208993,131.76900296855467,1182.1282074666647
19,82.3866481161175,66.00692526040466,2.6609871159066243,131.80719210547625,1178.4334510291797
20,82.48272865334847,67.37990887648331,2.57068841659112,131.8438284592058,1174.9016204043912
21,82.57459951296899,68.64613309619045,2.740050101729598,131.87885862866068,1171.536210154855
22,82.66213080094097,69.81413290491966,3.0801291730425433,131.9122332215229,1168.3403450105425
23,82.74520346151314,70.89172211796912,3.283477868023656,131.94390697667572,1165.316781198022
24,82.82370957439944,71.88605440600499,3.2559769363006423,131.97383887635493,1162.4679080902097
25,82.89755262412474,72.80367925751497,2.887180965200859,132.00199224774244,1159.7957501146343
26,82.9666477408643,73.65059329779409,2.7957508385517555,132.02833485375464,1157.3019688636848
27,83.03092191217551,74.43228734899255,3.0799010306909356,132.05283897280597,1154.9878653562987
28,83.09031416509202,75.1537895836675,2.7276174998177973,132.0754814673528,1152.854382406648
29,83.14477571812587,75.81970509487236,3.1732414517267236,132.09624384105283,1150.9021070618012
30,83.19427010279699,76.43425217886607,3.1042838220737754,132.11511228440028,1149.1312730769312
31,83.23877325438689,77.00129560182614,3.0638458193012235,132.13207770872734,1147.5417634032553
32,83.2782735716892,77.52437709931473,2.859558847618545,132.14713576848885,1146.1331126706516
33,83.31277194560829,78.00674333650586,3.300996498110684,132.16028687177726,1144.9045096536204
34,83.34228175653385,78.45137153817487,3.1099660651327876,132.17153617904188,1143.8547997161086
35,83.36682884049853,78.86099298003518,2.999317345039385,132.18089359001635,1142.9824872371912
36,83.38645142420286,79.23811451704915,2.6743102525426856,132.18837371888648,1142.2857380264152
37,83.40120002907015,79.58503830971758,3.2574835896882934,132.1939958577583,1141.7623817438043
38,83.41113734457095,79.90387989595536,3.6305093950681186,132.1977839285163,1141.4099143459769
39,83.41633807113377,80.19658474388689,3.6203118174089366,132.19976642318804,1141.225500585691
40,83.41688873303481,80.46494340964921,3.2076434284783635,132.1999763329613,1141.2059765979916
41,83.41288746173424,80.71060541398963,3.188692409901219,132.19845106602543,1141.3478526115584
42,83.40444375020057,80.9350919420072,3.4120936208373003,132.19523235443793,1141.6473158289473
43,83.39167817883731,81.13980746174305,3.127055018093807,132.19036615024234,1142.100233524173
44,83.37472211369689,81.32605034940586,3.3947264442895335,132.18390251109096,1142.7021564103343
45,83.35371737773607,81.4950226017667,3.494511982349373,132.1758954756509,1143.4483223338516
46,83.32881589593464,81.64783870961404,3.592948031871037,132.16640292909793,1144.3336603551215
47,83.30017931516443,81.78553376007656,3.333176068867149,132.15548645902578,1145.3527952781278
48,83.26797859975864,81.90907083005007,3.3175371539966596,132.14321120212347,1146.500052693718
49,83.23239360379256,82.01934772786194,3.1871967394910277,132.12964568199553,1147.7694646026198
50,83.19361262114448,82.11720313563549,3.2014292577530834,132.11486163852163,1149.154775685106
51,83.15183191446175,82.20342220053769,3.32504453184174,132.09893384917436,1150.649450284144
52,83.10725522420898,82.27874161917697,3.4469015077494913,132.08193994273302,1152.2466801681571
53,83.0600932590258,82.34385425583103,3.5588149497357224,132.0639602058506,1153.9393931378816
54,83.0105631686678,82.39941333190076,3.217740156471862,132.04507738295024,1155.720262539338
55,82.95888800084816,82.4460362209797,3.6788251988520724,132.02537646994253,1157.581717741635
56,82.90529614333752,82.48430788117619,3.3276319029197103,132.0049445022731,1159.5159556340518
57,82.85002075271662,82.51478395380457,3.3788326832363005,131.98387033782285,1161.5149531916716
58,82.79329917120943,82.53799355525497,3.234615399935889,131.9622444351968,1163.5704811528178
59,82.73537233305449,82.55444178673827,2.8998840612016803,131.94015862795126,1165.6741188444946
60,82.67648416189812,82.56461198466826,3.5619581706436088,131.91770589531737,1167.8172701841663
61,82.61688096071583,82.56896773267222,3.532696456458048,131.89498012999022,1169.9911808774375
62,82.55681079578665,82.56795465459842,3.3290206294148925,131.87207590356073,1172.1869568216339
63,82.49652287626029,82.56200200640357,3.3984402257075215,131.84908823017344,1174.3955837148749
64,82.43626693086782,82.55152408344226,3.487800330961953,131.82611232899862,1176.6079478591678
65,82.37629258333368,82.53692145843321,3.071504608418453,131.80324338611229,1178.8148581343614
66,82.31684872805036,82.51858206423464,3.277451329164361,131.78057631637807,1181.007069107592
67,82.25818290757607,82.49688213451309,3.541225103439402,131.75820552592688,1183.1753052301
68,82.20054069351139,82.47218701442961,3.130501782957764,131.7362246758299,1185.3102860605109
69,82.1441650723024,82.44485185258567,3.4389505123893382,131.71472644755713,1187.4027524403925
70,82.08929583750549,82.41522218466233,3.1077077486464746,131.6938023108114,1189.443493534947
71,82.03616899003283,82.38363441844321,3.471015007642877,131.67354229432163,1191.423374638586
72,81.98501614787754,82.35041622922941,3.369238768938909,131.65403476017266,1193.3333656325926
73,81.93606396679404,82.31588687402646,3.051924998653983,131.6353661822412,1195.164569969792
74,81.88953357338147,82.28035743230605,3.606442525615982,131.61762092929766,1196.9082540497448
75,81.84564001198729,82.24413098061282,3.225091054845516,131.60088105332187,1198.5558768371961
76,81.80459170681345,82.20750270779621,3.2084571236167685,131.5852260835695,1200.0991195669312
77,81.76658994056955,82.17075997719398,3.409114998511142,131.57073282691087,1201.5299153696324
78,81.73182835097617,82.13418234167582,3.597228945894452,131.557475174949,1202.8404786462
79,81.70049244637678,82.09804151706757,3.162855338404091,131.54552391840707,1204.0233340124046
80,81.67275914166906,82.06260131911769,3.3769026240534195,131.5349465692578,1205.0713446315765
81,81.64879631571536,82.02811756883416,3.4489161203883154,131.5258071910473,1205.977739750905
82,81.62876239133875,81.99483797070954,3.5004094782517203,131.5181662378459,1206.736141256318
83,81.61280593895442,81.96300196806328,3.3957713917460395,131.51208040223756,1207.3405890625152
84,81.60106530482692,81.93284057946025,3.285840895941206,131.50760247273504,1207.785565158054
85,81.59366826488275,81.90457621991212,3.1925695808866528,131.504781200986,1208.0660161308429
86,81.59073170494342,81.87842251033139,3.374244099532862,131.50366117910949,1208.17737400675
87,81.59236132817811,81.85458407848529,3.141610144820776,131.50428272747635,1208.1155752434026
88,81.59865139050733,81.83325635448712,2.7708934138350507,131.5066817932217,1207.8770777323714
89,81.60968446461895,81.81462536366477,3.4417116007417894,131.51088985974857,1207.4588756759101
90,81.6255312331863,81.79886751945824,3.5345405365150273,131.5169338674557,1206.8585122190664
91,81.64625031180516,81.78614941882049,2.8806456390632724,131.52483614589158,1206.074089733938
92,81.67188810209257,81.77662764242649,3.150895592397499,131.53461435751007,1205.104277670405
93,81.70247867531404,81.77044856183379,3.476419243236225,131.54628145317037,1203.9483179059914
94,81.73804368683062,81.76774815558352,3.763976768321264,131.55984563949693,1202.6060275470427
95,81.77859232157925,81.76865183608317,3.3566734668144917,131.57531035818158,1201.0777991533296
96,81.82412127072297,81.77327428896982,3.2071036576019356,131.592674277282,1199.3645983786691
97,81.874614739529,81.78171932651641,3.316471204166205,131.61193129453753,1197.4679590407227
98,81.93004448645542,81.79407975651132,3.6285325538466013,131.6330705526947,1195.3899756535636
99,81.99036989334846,81.81043726791442,3.225035092159584,131.6560764668018,1193.1332934767152
100,82.05553806657494,81.83086233446947,3.1952269543831977,131.6809287634024,1190.7010961538083
101,82.12548396883737,81.85541413733347,3.2595232751942658,131.70760253152727,1188.097091032618
102,82.20013058134181,81.8841405076675,3.166584039162625,131.7360682853525,1185.3254922756691
103,82.27938909591359,81.91707789002133,3.383134256689834,131.76629203836362,1182.3910018869433
104,82.36315913658034,81.95425132723459,3.68505999611053,131.7982353888339,1179.2987887947643
105,82.4513290100688,81.99567446747078,3.426438507789508,131.83185561639854,1176.0544661441604
106,82.54377598458912,82.04134959389731,3.3132246329245323,131.86710578947537,1172.6640669631522
107,82.64036659620967,82.09126767742333,3.3073797209912477,131.90393488325736,1169.134018376969
108,82.74095698205711,82.14540845280948,3.055323584825857,131.94228790797416,1165.471114551474
109,82.84539323950828,82.20374051836771,3.546975316682508,131.98210604709377,1161.6824885526412
110,82.95351181047661,82.26622145937678,3.357347640431888,132.02332680511094,1157.7755833122565
111,83.06513988983215,82.33279799524806,3.339548735087045,132.06588416454414,1153.7581218914943
112,83.18009585693477,82.40340615038862,4.017161165734906,132.1097087517399,1149.6380772333982
113,83.29818972920152,82.47797144862302,3.4413474110666815,132.15472801106148,1145.423641592894
114,83.4192236365748,82.55640913095233,3.234454564350009,132.2008663870171,1141.1231958287494
115,83.54299231570525,82.6386243963484,3.302912081009176,132.24804551386475,1136.7452787359084
116,83.66928362261413,82.72451266520389,3.6213941611127107,132.29618441221032,1132.2985565892704
117,83.79787906255402,82.81395986498306,3.4180264365718585,132.34519969209967,1127.791793061069
118,83.92855433574314,82.9068427375464,3.1115249565759293,132.3950057620892,1123.233819663981
119,84.06107989760959,83.00302916755166,3.586969982784659,132.44551504376508,1118.6335068609887
120,84.19522153214484,83.10237853126776,3.2735687026741798,132.49663819116725,1113.999735971023
121,84.33074093693375,83.20474206507326,3.786053979911513,132.54828431456417,1109.3413719867528
122,84.46739631839854,83.30996325285037,3.631718106509795,132.60036120801294,1104.6672374077577
123,84.60494299576902,83.41787823142693,3.3306686283567535,132.65277558013082,1099.986087178762
124,84.74313401226962,83.52831621316382,3.6808642370867393,132.70543328749704,1095.3065848090448
125,84.88172075199535,83.64109992473311,3.4428561990195385,132.75823957009825,1090.6372797354695
126,85.02045356093485,83.75604606108325,3.6045526235288574,132.81109928822607,1085.9865859781291
127,85.15908237058858,83.87296575354203,3.5357381593541186,132.86391716023306,1081.3627621244905
128,85.2973573226229,83.99166505096544,3.274386936091408,132.91659800055132,1076.7738926651684
129,85.43502939299938,84.1119454128016,3.3198797954613735,132.96904695737962,1072.2278706923923
130,85.57185101401873,84.23360421290303,3.6595699362452567,133.02116974944445,1067.732381960658
131,85.707576692725,84.35643525288819,3.3916587789471078,133.0728729012461,1063.2948902984404
132,85.84196362412413,84.48022928382451,3.3829597079884057,133.1240639762031,1058.922624349737
133,85.97477229768428,84.6047745349795,3.277771240064289,133.17465180711682,1054.6225656153524
134,86.10576709560182,84.7298572483647,3.558643960301645,133.2245467233828,1050.401437755564
135,86.23471688133786,84.85526221777913,3.891570734777573,133.2736607743871,1046.2656971085912
136,86.36139557695401,84.98077333104371,3.2707051237219376,133.3219079485345,1042.2215243731125
137,86.48558272780465,85.10617411410712,3.494197030012944,133.3692043873663,1038.2748173976718
138,86.607064053174,85.23124827569603,3.776925290386623,133.41546859424116,1034.4311850155011
139,86.72563198148177,85.35578025117817,3.4836587120491624,133.4606216370631,1030.6959418598187
140,86.84108616871985,85.47955574430665,3.5951361447665193,133.50458734455864,1027.0741040921
141,86.95323399882383,85.60236226551642,3.2972181472567974,133.5472924956205,1023.5703859741575
142,87.06189106472908,85.7239896654508,3.6003449957250124,133.58866700125256,1020.1891972139886
143,87.1668816289087,85.84423066240562,3.482184604157721,133.62864407867093,1016.9346410152351
144,87.26803906224248,85.96288136239203,3.7216241349940455,133.66716041713406,1013.8105127607996
145,87.36520626011972,86.079741770536,3.7667466229049267,133.70415633509617,1010.8202992623945
146,87.45823603473599,86.19461629255267,4.051891996398382,133.7395759283006,1007.9671785098403
147,87.54699148260329,86.30731422505688,3.654526517870048,133.77336720845128,1005.2540198563407
148,87.63134632635493,86.41765023349839,3.6082829228898676,133.8054822321238,1002.6833845790846
149,87.71118522999102,86.52544481653945,3.5864200977935847,133.83587721960293,1000.2575267579261
150,87.78640408677627,86.63052475572584,3.481218256422622,133.86451266335618,997.9783944188881
151,87.85691027907089,86.73272354933793,3.623738434215194,133.8913534258807,995.8476308933865
152,87.92262290944484,86.83188182934684,3.501026872975415,133.91636882668513,993.8665763487547
153,87.983473002498,86.92784776044277,3.5977339534320767,133.93953271819495,992.0362694503675
154,88.0394036768816,87.02047742014601,3.8313590813475784,133.9608235503983,990.357449120804
155,88.09037028709123,87.10963515905812,3.370186528465455,133.9802244240738,988.8305563666353
156,88.13634053467656,87.19519394035966,3.8029786637805554,133.99772313247337,987.4557361487982
157,88.17729454859048,87.27703565771223,3.841781475434175,134.01331219135736,986.2328392779627
158,88.21322493447612,87.35505143077589,3.5579434032635957,134.0269888573109,985.1614243217413
159,88.244136792769,87.42914187760864,3.1602238371802356,134.03875513429603,984.2407595161839
160,88.27004770556911,87.49921736327201,3.465903514475266,134.04861776842534,983.4698246793284
161,88.29098769231528,87.56519822402562,3.8495720364972725,134.0565882309688,982.8473131302046
162,88.30699913437314,87.62701496655458,3.5881340011689615,134.0626826896362,982.3716336218055
163,88.3181366687249,87.68460844173545,3.3952084996521714,134.06692196820507,982.040912301952
164,88.32446705102676,87.73792999250972,3.4963001454472553,134.06933149459158,981.8529947208659
165,88.32606898837605,87.78694157549859,3.767388609896353,134.0699412374923,981.8054479092615
166,88.32303294220648,87.83161585605758,3.710442963738637,134.0687856317492,981.8955625552851
167,88.31546090180376,87.87193627653643,3.554962967504055,134.06590349262123,982.1203553131216
168,88.30346612900782,87.90789709757571,3.5308588986376668,134.0613379191697,982.476571280078
169,88.28717287474001,87.9395034123394,3.5271680100971516,134.0551361869938,982.9606866827577
170,88.26671606806327,87.96677113364973,3.4221555795799383,134.04734963057697,983.5689118163364
171,88.24224097855303,87.98972695405834,3.9306539430102805,134.0380335155319,984.2971942838453
172,88.21390285282236,88.00840827895534,3.5438806455949012,134.02724690105413,985.1412225850407
173,88.18186652610989,88.0228631328849,3.85236909261338,134.01505249292188,986.0964301063643
174,88.1463060099017,88.03315003930297,3.913622361995912,134.00151648740058,987.1579995651449
175,88.10740405661741,88.03933787407917,3.809275032466838,133.98670840643362,988.3208679620955
176,88.06535170244878,88.04150569310997,3.523377670873899,133.97070092452304,989.5797320966473
177,88.0203477894936,88.03974253447527,3.690375461980808,133.953569687725,990.9290546993383
178,87.97259846837899,88.0341471956339,3.6045609137428074,133.9353931252027,992.3630712346927
179,87.9223166826176,88.02482798621588,3.4282775752888255,133.91625225380153,993.8757974263648
180,87.86972163598531,88.01190245703,3.6733598570825508,133.89623047612486,995.4610375541425
181,87.81503824425185,87.99549710596516,3.372007423112611,133.87541337260973,997.1123935693219
182,87.75849657263474,87.97574706152096,3.8445415072146725,133.85388848811303,998.8232750712693
183,87.7003312603824,87.95279574475941,3.5131411660754575,133.83174511353658,1000.5869101834711
184,87.64078093392509,87.92679451052322,3.6452305061060204,133.80907406302956,1002.3963573621302
185,87.5800876100601,87.89790226881796,3.660471567330765,133.78596744732067,1004.2445181643575
186,87.51849609066309,87.86628508730506,3.550736693838692,133.76251844374102,1006.124150996339
187,87.45625335043849,87.83211577589951,3.718455507106935,133.7388210635088,1008.0278858543696
188,87.39360791923923,87.79557345451116,3.5046377803104525,133.71496991685433,1009.9482400636317
189,87.33080926049982,87.7568431050102,3.7722900267968678,133.69105997656922,1011.8776350108715
190,87.26810714733602,87.71611510853735,3.327164783400682,133.66718634057005,1013.8084138578683
191,87.205751037871,87.67358476931516,3.619892891451204,133.64344399406806,1015.7328602129191
192,87.14398945134887,87.6294518261513,3.98059332468386,133.61992757194022,1017.6432177273141
193,87.08306934659554,87.58391995285498,3.3908744531459396,133.59673112189586,1019.5317105735105
194,87.02323550437974,87.53719624881538,3.4534760520964602,133.5739478690324,1021.3905647508782
195,86.96472991521867,87.48949072101566,3.689850689493425,133.55166998237206,1023.2120301543168
196,86.9077911741579,87.44101575877751,3.6209980024977977,133.5299883439651,1024.988403330274
197,86.85265388403855,87.39198560254927,3.6531974295592318,133.50899232114182,1026.712050834145
198,86.79954806874329,87.34261580806543,3.6788846741602157,133.48876954248675,1028.3754330928716
199,86.74869859788761,87.29312270721728,3.7059623247082625,133.46940567810074,1029.97112866669
200,86.70032462439427,87.24372286698203,3.798932605937508,133.45098422470593,1031.4918587948134
201,86.65463903635694,87.19463254776326,3.6569436658439964,133.43358629613778,1032.930512101412
202,86.61184792456294,87.14606716249656,3.5247372227386506,133.41729041975452,1034.2801693304457
203,86.57215006700598,87.09824073787235,3.7055426104933127,133.40217233928072,1035.5341279716001
204,86.53573643167745,87.05136537902277,3.949082367518977,133.38830482458562,1036.6859266337672
205,86.50278969887886,87.00565073901078,3.5407049310229275,133.37575748887932,1037.7293690185713
206,86.4734838042496,86.96130349444735,3.370507582338213,133.36459661379303,1038.6585473433588
207,86.44798350365207,86.91852682854774,3.7850757338278522,133.35488498278812,1039.4678650617361
208,86.42644396100177,86.8775199229189,3.5379020840489557,133.34668172331908,1040.152058729829
209,86.4090103600727,86.83847745934838,3.1258436666304763,133.34004215815344,1040.7062188680425
210,86.39581754124806,86.80158913284002,3.7283494898765253,133.33501766622814,1041.1258096713677
211,86.38698966412453,86.76703917711373,3.4503829690708785,133.33165555339826,1041.4066874262137
212,86.38263989681313,86.73500590375535,3.5380285855931373,133.3299989334089,1041.5451174981283
213,86.38287013271349,86.70566125616853,3.6213281776167126,133.3300866193943,1041.537789762819
214,86.38777073546937,86.67917037944359,3.5919459215130005,133.3319530261833,1041.3818323624791
215,86.39742031274287,86.65569120721852,3.6947737029237677,133.33562808366003,1041.0748236802715
216,86.41188551937262,86.6353740665647,3.4649530626151837,133.3411371614034,1040.6148024381357
217,86.43122089040851,86.61836130188502,3.6539739730125027,133.34850100479733,1040.000275836469
218,86.45546870443962,86.60478691876457,3.4988869281525643,133.3577356827769,1039.2302256686812
219,86.48465887755735,86.59477624866398,3.698147922372724,133.36885254734332,1038.3041123589658
220,86.51880888821859,86.58844563529352,3.6731997678496455,133.38185820495204,1037.2218768875146
221,86.55792373319707,86.58590214345216,3.36293424747262,133.39675449984753,1035.9839405839398
222,86.60199591473254,86.58724329105885,3.76727339816842,133.41353850938694,1034.5912027863867
223,86.65100545891015,86.59255680504646,3.4431021399840955,133.43220255136427,1033.0450363805503
224,86.70491996522422,86.60192040172794,3.7122902961270747,133.4527342033169,1031.347281249572
225,86.76369468720209,86.61540159218411,3.624688927959817,133.47511633376325,1029.500235682007
226,86.82727264388706,86.63305751315936,3.9195920933985584,133.49932714529206,1027.506645800869
227,86.89558476190136,86.65493478388785,3.5081591296650316,133.52534022939216,1025.3696930917752
228,86.96855004773431,86.68106938920839,3.4840604857339046,133.55312463288084,1023.0929801222665
229,87.04607578982484,86.71148658925976,3.551287028982104,133.5826449357612,1020.6805145574256
230,87.12805778993355,86.74620085598258,3.495958278528431,133.613861340307,1018.136691588678
231,87.2143806232256,86.78521583658616,3.7181822296884426,133.64672977114753,1015.4662749030755
232,87.30491792641492,86.8285243440719,3.23670737641963,133.68120198609427,1012.6743763292639
233,87.39953271324883,86.87610837483663,3.3511839595390316,133.717225697426,1009.7664343038847
234,87.49807771654525,86.92793915331235,3.350484920969968,133.75474470332117,1006.7481913077222
235,87.60039575592702,86.98397720353024,3.7564045837394553,133.7936990291006,1003.6256704253466
236,87.7063201303344,87.0441724474306,3.91093374486104,133.83402507791962,1000.4051511843462
237,87.81567503433484,87.10846432967261,3.550557193809083,133.87565579052387,997.0931448312155
238,87.9282759971891,87.17678196863233,3.540483716075923,133.9185208136608,993.6963692003163
239,88.04393034357672,87.24904433321103,3.591221250284289,133.96254667671766,990.2217233300602
240,88.16243767482878,87.32516044501251,3.8127072387671515,134.00765697613497,986.6762619769136
241,88.28359036946559,87.4050296053836,3.398135586982613,134.053772567126,983.0671701727366
242,88.40717410178779,87.48854164675062,3.6347040040637326,134.1008117622154,979.4017379648319
243,88.53296837722523,87.5755772076235,3.7856381914690496,134.14869053609175,975.6873354706975
244,88.66074708310472,87.66600803058026,3.69452516324176,134.19732273625476,971.9313883711884
245,88.79027905346089,87.75969728248698,3.636063911901715,134.246620298923,968.1413539566582
246,88.92132864647783,87.85649989615288,3.8023257142556965,134.2964934696562,964.3246978308132
247,89.05365633311834,87.95626293256667,3.065560321635386,134.34685102813398,960.4888713666769
248,89.18701929546978,88.0588259628086,3.7459869283813343,134.39760051652414,956.6412899982482
249,89.32117203331057,88.16402146868376,3.4839097435905493,134.44864847086467,952.7893124205067
250,89.45586697738166,88.27167526107525,3.2530121063327937,134.49990065487708,948.9402207592183
251,89.59085510782964,88.38160691497144,3.7258864034188255,134.5512622956236,945.1012017610054
252,89.72588657627621,88.49363022008018,3.9029705480558787,134.6026383204164,941.2793290430936
253,89.8607113299587,88.6075536459034,3.605419996556501,134.65393359438582,937.481546431583
254,89.99507973638202,88.72318082010995,3.8282253230650958,134.70505315811243,933.7146524066611
255,90.12874320692042,88.84031101901081,3.964908403377173,134.7559024647293,929.9852856634327
256,90.26145481781052,88.9587396689108,3.910291217142152,134.80638761590333,926.2999117876443
257,90.39296992698345,89.07825885708351,3.980201519014703,134.8564155961072,922.6648110369323
258,90.52304678519447,89.19865785109276,3.805570470109182,134.90589450459947,919.0860672101321
259,90.6514471399221,89.31972362516187,3.677195396411955,134.95473378453627,915.5695575798937
260,90.77793683052802,89.44124139227571,3.346697734703871,135.00284444864704,912.1209438572168
261,90.90228637318955,89.5629951406852,3.622870303142104,135.050139300914,908.7456641507133
262,91.02427153414303,89.68476817347336,3.5084261760491695,135.09653315370855,905.4489258783263
263,91.1436738898051,89.80634364983433,4.116248633142771,135.14194303984746,902.2356995849271
264,91.26028137237208,89.92750512671248,3.651850547708744,135.18628841904567,899.1107136157298
265,91.37388879953342,90.04803709944755,3.716610482434247,135.22949137825796,896.0784495926761
266,91.48429838697564,90.1677255400749,3.8071738223511646,135.27147682541582,893.1431386388325
267,91.59132024239535,90.28635843193493,3.710461184983823,135.31217267608412,890.3087582946514
268,91.69477283978676,90.40372629925591,4.045562986355643,135.35151003257928,887.5790300690999
269,91.79448347281846,90.51962273038612,3.586774659598941,135.38942335511024,884.9574175687621
270,91.8902886861655,90.63384489336774,3.754909131675526,135.42585062452278,882.4471251485178
271,91.98203468371986,90.74619404256374,3.5720998386055043,135.46073349625004,880.0510970284886
272,92.06957771265768,90.85647601507156,3.461111014373793,135.49401744509217,877.7720168236527
273,92.15278442240432,90.96450171568263,3.607190752161931,135.52565190047295,875.6123074345262
274,92.23153219759952,91.0700875891757,3.7264662317465214,135.55559037184273,873.5741312498848
275,92.30570946423043,91.1730560787636,3.6522348543258554,135.58379056392278,871.6593906153565
276,92.37521596816761,91.27323606954727,3.603718482876667,135.61021448151064,869.869728525002
277,92.43996302540741,91.37046331586895,3.4649255032162602,135.63482852359095,868.2065294964782
278,92.49987374339581,91.46458085149618,3.7334267003856048,135.65760356652444,866.6709205941743
279,92.55488321287977,91.55543938161148,3.45282893983987,135.67851503611155,865.2637725687637
280,92.60493866980741,91.6428976556278,3.909369996618661,135.6975429683571,863.9857010857085
281,92.64999962687158,91.72682281989812,3.7772876862027234,135.7146720587881,862.8370680196957
282,92.69003797436862,91.80709074943732,3.4725804208339444,135.72989170020543,861.8179827962845
283,92.72503805011993,91.88358635782754,3.7053852252609567,135.74319600877774,860.928303766676
284,92.75499667828156,91.95620388453204,3.6197730781476976,135.75458383841527,860.167639605983
285,92.7799231769449,92.02484715889979,3.8368536355987275,135.7640587833878,859.5353507300056
286,92.79983933450967,92.08942984020061,4.043756712652854,135.7716291691819,859.0305507299984
287,92.81477935488766,92.1498756330912,3.40311040702759,135.77730803161901,858.6521078294871
288,92.82478977167506,92.20611847797319,3.8034560734263847,135.78111308428578,858.3986463715473
289,92.82992933150706,92.25810271576768,3.750555652233147,135.78306667435567,858.2685483493301
290,92.83026884688684,92.30578322669427,3.918805127584559,135.78319572690958,858.2599549967532
291,92.82589101885652,92.3491255427078,3.8289534728985575,135.78153167789077,858.3707684603396
292,92.81689022995349,92.3881059333116,3.6375184769180122,135.77811039585708,858.5986535769572
293,92.8033723079694,92.4227114645331,3.7255203829125336,135.77297209272118,858.9410397858766
294,92.78545426110244,92.45294003091388,3.6313653699067716,135.76616122369583,859.3951232068514
295,92.76326398516507,92.47880036043482,4.0068322424975475,135.75772637668783,859.9578689190241
296,92.7369399435784,92.50031199236345,3.79677512142129,135.74772015141053,860.6260134782036
297,92.70663082095399,92.51750522807933,4.1734558515018545,135.73619902850896,861.3960677124686
298,92.67249515112806,92.53042105500006,3.7816151004920786,135.7232232290177,862.2643198380107
299,92.63470092057837,92.53911104379826,3.652422199413636,135.70885656449389,863.2268389388518
300,92.59342514821495,92.54363721916631,3.491546247463254,135.69316627819268,864.2794788551257
301,92.54885344259462,92.54407190445201,3.4336790128313437,135.6762228776724,865.4178825253591
302,92.5011795376667,92.54049754055323,3.477333210561585,135.6580999592404,866.6374868283881
303,92.45060480820962,92.5330064795246,3.8472785958628055,135.6388740246695,867.9335279701373
304,92.39733776616991,92.52170075341171,3.895134735535867,135.61862429063476,869.3010474596716
305,92.3415935391627,92.50669181889096,3.4765362241681026,135.59743249133888,870.7348987173592
306,92.28359333243662,92.4881002783531,3.9710197742277002,135.5753826748117,872.2297543559648
307,92.22356387564847,92.46605557812771,3.6944960683665484,135.55256099338547,873.7801141727447
308,92.16173685583003,92.4406956846029,3.819427125465829,135.5290554888627,875.3803138873134
309,92.0983483379647,92.41216673904972,4.111342961952124,135.5049558729067,877.0245346560923
310,92.0336381746217,92.38062269201406,3.966973393545683,135.4803533031982,878.7068133895069
311,91.96784940612403,92.34622491818989,3.732489092064619,135.45534015591207,880.4210538929818
312,91.901227652749,92.30914181273648,3.606436369239139,135.43000979507812,882.1610388468729
313,91.83402050048069,92.2695483700485,3.3526884029061277,135.4044563393988,883.9204426341471
314,91.7664768818497,92.22762574603193,3.637501991738825,135.37877442710334,885.6928450176374
315,91.69884645340771,92.18356080497992,3.7372999452386377,135.3530589794242,887.4717456612975
316,91.63137897139266,92.13754565218098,3.5802034663091833,135.3274049632849,889.2505794819525
317,91.56432366714549,92.08977715342802,3.749429469872088,135.30190715379257,891.0227328097753
318,91.49792862383913,92.04045644262894,3.78902909073954,135.27665989712838,892.7815603271428
319,91.43244015607787,91.98978841874968,3.7266101288071214,135.25175687443024,894.5204027466937
320,91.36810219391771,91.93798123334702,3.6394567144025363,135.22729086725946,896.2326051803701
321,91.30515567284719,91.88524576997203,3.801026010962199,135.2033535252403,897.9115361423327
322,91.24383793125372,91.83179511674551,3.853491729700448,135.18003513645735,899.550607119534
323,91.18438211688124,91.77784403342349,3.5448117898817944,135.15742440118802,901.1432926350273
324,91.12701660376264,91.72360841428508,4.042854420934942,135.1356082095414,902.6831507205471
325,91.07196442108457,91.66930474818504,3.7387238682187345,135.1146714235645,904.163843706755
326,91.01944269541214,91.61514957712063,3.7599910572509154,135.09469666436723,905.5791592319993
327,90.96966210766735,91.56135895466619,3.895658601792625,135.0757641048046,906.923031363406
328,90.922826366219,91.50814790562893,3.7984772903834862,135.0579512682415,908.1895617179899
329,90.87913169740068,91.45572988827658,3.940312252201989,135.04133283391138,909.3730404660884
330,90.83876635473042,91.40431626048107,3.8050017997200887,135.02598044936224,910.4679670950335
331,90.80191014805894,91.35411575111256,3.6230312708675276,135.0119625504684,911.4690708077576
332,90.7687339938228,91.30533393800508,3.8158193964994287,134.99934418946467,912.3713304287678
333,90.73939948752734,91.2581727337986,3.5128398406216106,134.98818687144242,913.1699936890947
334,90.71405849952717,91.21282988094265,3.761437966273953,134.97854839972413,913.8605957621
335,90.69285279511539,91.16949845712371,3.73130343861318,134.9704827305112,914.4389769237482
336,90.6759136798703,91.12836639235259,3.6946396506319483,134.96403983717676,914.9012992139529
337,90.66336167114682,91.08961599891877,3.708966753667884,134.9592655845499,915.2440619799324
338,90.6553061965329,91.05342351538661,3.3568205550313235,134.9562016135143,915.4641161883105
339,90.6518453200256,91.01995866577319,3.6220733237485088,134.9548852362149,915.5586773995395
340,90.65306549661025,90.98938423500961,3.749133733863617,134.95534934214305,915.5253373066168
341,90.65904135585689,90.96185566174688,3.761407360531102,134.9576223153398,915.3620737493414
342,90.66983551507441,90.93752064952417,3.5229033184452994,134.96172796292944,915.067259125891
343,90.6854984224898,90.91651879727131,3.9807188388610637,134.96768545516787,914.6396671349172
344,90.70606823084404,90.89898125006904,3.5536232616099306,134.97550927715812,914.078477793602
345,90.73157070172093,90.88503037104003,3.920177685317989,134.985209192358,913.3832806900845
346,90.76201914084785,90.87477943519069,3.8113048292171556,134.99679021797283,912.5540764421377
347,90.79741436453025,90.86833234596898,3.5963561642159676,135.0102526122967,911.59127634785
348,90.83774469730348,90.86578337524685,4.0805592969070235,135.02559187403438,910.4957002280862
349,90.88298600080829,90.86721692737697,3.48682852767116,135.04279875360547,909.2685724746545
350,90.93310173381751,90.87270732791369,3.9096118351664617,135.06185927640152,907.9115163319502
351,90.98804304326386,90.8823186375262,3.9262915277471695,135.08275477793615,906.4265464535894
352,91.0477488860416,90.89610449156915,3.5926162423390062,135.10546195079743,904.816059788565
353,91.11214618127735,90.9141079657115,4.005971486607037,135.1299529032821,903.082824864056
354,91.18114999268957,90.93636146795967,3.6783815172665557,135.15619522955998,901.2299695436377
355,91.25466374058102,90.96288665734478,3.7872170788071076,135.1841520911893,899.2609673505046
356,91.33257944293406,90.99369438947723,3.7828058377228104,135.21378230977226,897.1796224549767
357,91.41477798500641,91.02878468910465,3.705318423959181,135.24504047051377,894.9900534341965
358,91.50112941675346,91.06814674974206,3.895955671371381,135.27787703641746,892.6966759192745
359,91.5914932773337,91.11175896037469,3.894279861485805,135.31223847282575,890.3041842511483
360,91.68571894588611,91.15958895916731,3.387836752678224,135.34806738198512,887.8175322712694
361,91.78364601770302,91.21159371404528,4.000543390851487,135.38530264729238,885.2419133763946
362,91.8851047048578,91.26771962994633,3.409478107220665,135.4238795868521,882.5827399689747
363,91.98991626028636,91.32790268247466,3.9509532508497927,135.46373011595378,879.8456224350587
364,92.0978934242624,91.39206857762363,3.972415839048086,135.5047829180529,877.036347781137
365,92.20884089215025,91.46013293716751,3.5316721643808284,135.5469636238207,874.1608580592698
366,92.32255580226646,91.53200150925909,3.670649204288706,135.59019499780524,871.2252287067807
367,92.4388282426306,91.60757040370672,3.534769452854788,135.63439713223053,868.2356469225465
368,92.55744177533857,91.6867263513427,3.7161715743473036,135.67948764743886,865.1983901965857
369,92.67817397724791,91.7693469868348,3.700936369623079,135.72538189846884,862.1198051035356
370,92.80079699562367,91.85530115423387,3.921999453777457,135.77199318724502,859.0062864635455
371,92.92507811735592,91.94444923449404,4.031784167838177,135.81923297984122,855.8642569664869
372,93.05078035032619,92.03664349414672,4.052639145418007,135.86701112826827,852.700147347124
373,93.17766301546968,92.13172845425696,3.664967261308875,135.91523609622587,849.5203771901693
374,93.30548234805372,92.22954127874002,3.739566817679435,135.96381518824913,846.3313364352092
375,93.43399210666898,92.32991218106743,3.4488387609795748,136.0126547816723,843.1393676422271
376,93.56294418841189,92.43266484834614,3.628565245482954,136.06166056082648,839.9507490691594
377,93.6920892487202,92.53761688171065,3.9870126187696284,136.11073775288241,836.7716786037103
378,93.8211773243127,92.64458025192748,4.121544355038673,136.15979136474758,833.6082585824263
379,93.94995845767592,92.75336176907318,3.556018058156016,136.2087264204235,830.4664815212006
380,94.07818332153694,92.86376356511182,3.688921454339006,136.25744819822987,827.352216772708
381,94.20560384176149,92.97558358816596,3.806717775723019,136.30586246730337,824.2711981180571
382,94.33197381712041,93.0886161072455,3.872665492160987,136.35387572278069,821.2290122922175
383,94.45704953437539,93.20265222617299,3.659388037288763,136.40139541908073,818.2310884354243
384,94.58059037714652,93.31748040542078,3.91082890551507,136.44833020070598,815.2826884561541
385,94.7023594270399,93.4328869905557,3.7359804971986006,136.49459012998946,812.3888982850532
386,94.82212405553281,93.54865674597046,3.832604472409133,136.5400869112231,809.5546199937367
387,94.93965650513692,93.66457339256766,3.949504358696014,136.58473411061283,806.784564747512
388,95.054734458387,93.7804201480526,3.846281680032344,136.6284473715158,804.083246556822
389,95.16714159323304,93.89598026848431,3.762458012902543,136.67114462442947,801.4549767886439
390,95.27666812344741,94.01103758973123,3.8325305803938146,136.71274629121422,798.9038593961296
391,95.38311132269652,94.12537706747834,3.841467867925545,136.75317548304622,796.4337868224643
392,95.48627603096699,94.23878531443573,3.7897879919154396,136.7923581916152,794.0484365332247
393,95.58597514208034,94.35105113340612,3.816633883936231,136.83022347309623,791.751268130375
394,95.68203007107815,94.46196604487878,4.192670041940974,136.86670362444477,789.5455210005159
395,95.77427120030886,94.57132480783129,3.989608206709331,136.90173435158357,787.4342124500018
396,95.86253830310181,94.67892593243717,3.822739899624092,136.93525492906875,785.4201362799329
397,95.9466809439691,94.78457218339815,4.025558340421472,136.96720835084597,783.5058617551085
398,96.02655885433516,94.8880710726429,3.8236470160271567,136.99754147172766,781.6937329222927
399,96.10204228285508,94.98923534016058,4.129183576463912,137.0262051392467,779.9858682349866
400,96.17301231944572,95.08788342176767,3.9725316587320934,137.05315431556505,778.3841604440075
401,96.23936119221996,95.1838399026387,3.881077007207341,137.07834818914017,776.8902767156546
402,96.30099253658186,95.2769359554673,3.9958977593362146,137.10175027587837,775.5056589419764
403,96.35782163581004,95.36700976216252,3.595872169834964,137.12332850952814,774.2315242106514
404,96.40977563252804,95.45390691802632,3.688256689857118,137.14305532109447,773.0688654052333
405,96.45679371053309,95.53748081740189,3.6782517122336666,137.16090770708175,772.0184519099113
406,96.4988272465288,95.61759301982913,3.948909932765736,137.17686728639842,771.0808303964905
407,96.53583993138243,95.6941135957919,4.269961657324487,137.19092034578708,770.2563256750055
408,96.56780786060388,95.7669214511929,4.372703808737436,137.20305787366843,769.5450415931564
409,96.59471959381995,95.83590462974516,4.056882310107703,137.21327558231832,768.9468619735852
410,96.61657618309552,95.90096059252436,4.03210827928239,137.2215739183236,768.4614515819496
411,96.63339117003066,95.96199647398322,3.5742303086027647,137.22795806129218,768.0882571226001
412,96.64519055164098,96.01892931378804,3.8282413419185053,137.23243791081978,767.8265082625937
413,96.65201271510652,96.0716862638979,3.781382386438166,137.23502806174645,767.6752186886018
414,96.65390834155231,96.1202047703691,3.81675887593491,137.2357477677619,767.6331872050583
415,96.650940279101,96.16443272943009,3.909112978189676,137.23462089344886,767.6989988856077
416,96.6431833855149,96.20432861743716,3.8499593577754982,137.23167585488113,767.8710262934385
417,96.63072434082088,96.2398615943858,3.5499743632946603,137.22694554892004,768.1474307895728
418,96.6136614303862,96.27101158071916,4.096693526032992,137.22046727138243,768.5261639514115
419,96.59210429898778,96.29776930724155,3.7336599364489427,137.21228262427806,769.0049691269138
420,96.5661736764893,96.32013633801219,3.9969749626807296,137.2024374123429,769.5813831526474
421,96.53600107581207,96.33812506616218,4.364679661662644,137.19098152912042,770.2527382664969
422,96.50172846395438,96.35175868264486,3.766545187671155,137.17796883286763,771.0161642481997
423,96.4635079068818,96.36107111799794,3.4447464112886497,137.16345701258936,771.868590822854
424,96.42150118917577,96.36610695726276,3.893809540871751,137.14750744452715,772.8067503641918
425,96.37587940939144,96.36692132827348,4.171235701458927,137.1301850394533,773.8271809358071
426,96.326822552136,96.36357976359535,4.342576261151528,137.11155808114358,774.9262297093485
427,96.27451903793695,96.35615803645716,3.7046925606042604,137.0916980564237,776.1000567992837
428,96.21916525202589,96.34474197108788,4.049474265461908,137.07067947720552,777.3446395538683
429,96.16096505321494,96.3294272279318,3.8564444249891934,137.04857969494998,778.6557773415113
430,96.10012926409394,96.31031906427864,3.9275334107745974,137.02547870801158,780.0290968709055
431,96.03687514382231,96.28753207090729,4.476657484310606,137.00145896233832,781.4600580818222
432,95.9714258448336,96.26118988540115,3.6461147196224166,136.97660514601694,782.9439606415834
433,95.90400985481028,96.23142488285191,3.9962363524958433,136.95100397817063,784.4759510797032
434,95.83486042532404,96.19837784472459,4.037672125986795,136.9247439927286,786.0510305902292
435,95.76421498856926,96.16219760671164,4.159807366863047,136.89791531760272,787.664063527694
436,95.69231456364793,96.12304068645633,3.960641298838889,136.87060944981738,789.3097866185042
437,95.61940315388945,96.08107089207576,4.000934014475927,136.84291902714813,790.9828189049095
438,95.54572713671246,96.03645891246215,3.8591651019265902,136.81493759683804,792.677672433561
439,95.47153464755284,95.98938189038637,3.989390045754863,136.78675938196346,794.3887636949385
440,95.39707495939857,95.94002297947071,3.864902487058817,136.7584790460325,796.1104258138164
441,95.32259785948165,95.8885708861383,4.05574578430288,136.73019145640143,797.8369214843566
442,95.24835302468544,95.83521939768389,3.8553219280963127,136.7019914470992,799.5624566364844
443,95.17458939722843,95.78016689764593,4.002406921583921,136.6739735816535,801.2811948128435
444,95.10155456218477,95.72361586969083,3.9188156879203286,136.64623191651035,802.9872722282167
445,95.02949412839781,95.66577239124975,4.1475067181956735,136.61885976564093,804.674813475444
446,94.95865111433346,95.6068456181734,3.909601925627412,136.591949466926,806.337947834099
447,94.8892653404092,95.54704726169305,3.562822444088039,136.56559215090448,807.9708261302932
448,94.82157282931672,95.48659105899503,4.167334533561595,136.53987751246845,809.5676380881968
449,94.75580521583791,95.42569223873194,3.731306921615486,136.51489358607955,811.1226301061771
450,94.69218916762864,95.36456698280666,3.7791939785653095,136.49072652507388,812.6301233831805
451,94.63094581841864,95.30343188577433,3.788308448508049,136.46746038561284,814.0845323138608
452,94.57229021504374,95.24250341321344,4.179830258575914,136.4451769158266,815.4803830645146
453,94.51643077969301,95.18199736042007,3.475327048981484,136.42395535068397,816.8123322358721
454,94.46356878871445,95.12212831277793,4.527556967555894,136.40387221310894,818.0751855135172
455,94.41389786928241,95.0631091091533,4.108798835288495,136.38500112184883,819.263916202195
456,94.36760351518446,95.0051503096559,3.939858945521724,136.3674126065823,820.3736835365783
457,94.32486262293814,94.9484596690961,3.881908046309683,136.35117393073764,821.3998506583706
458,94.28584304939706,94.8932416174545,3.9477337212871664,136.33634892247267,822.338002147894
459,94.25070319195211,94.83969674866265,3.9926520523710365,136.3229978142474,823.183960997659
460,94.21959159237699,94.78802131897217,4.01535199126787,136.3111770913983,823.9338049159161
461,94.1926465653082,94.73840675616684,3.99539557020353,136.3009393501015,824.583881849809
462,94.16999585228844,94.69103918084363,3.9002487426656387,136.29233316508802,825.1308246205131
463,94.15175630223754,94.64609894095979,3.841022372517886,136.28540296744904,825.5715645667575
464,94.13803357915026,94.60376016080899,3.8484995098624664,136.28018893284417,825.9033440982458
465,94.12892189775083,94.56419030555415,3.838150146457184,136.27672688039968,826.1237280666523
466,94.12450378776572,94.52754976240512,4.102383559632023,136.27504818255477,826.2306138692859
467,94.12484988740314,94.49399143948828,3.992964993475192,136.27517968608845,826.2222402087428
468,94.13001876655606,94.4636603834106,3.2849323487869784,136.2771436445278,826.0971944411081
469,94.14005678017016,94.4366934164739,4.003084585381383,136.28095766211328,825.8544184553433
470,94.1549979521435,94.41321879444637,3.909889209516056,136.28663464946274,825.4932130371742
471,94.17486389004809,94.3933558857465,3.8663858400264273,136.29418279104954,825.0132406821998
472,94.1996637308864,94.37721487284149,3.791762119168724,136.3036055245774,824.4145268346406
473,94.22939411801835,94.36489647660623,4.0937832995380585,136.31490153230484,823.6974595403032
474,94.26403920931682,94.35649170433211,4.0581214523021885,136.3280647443421,822.8627875144816
475,94.30357071653063,94.35208162201532,3.7138598129379066,136.34308435391065,821.9116166378619
476,94.3479479757574,94.35173715149382,3.9498316806361538,136.35994484452738,820.8454049055151
477,94.39711804884948,94.35551889294013,3.674244927702288,136.37862602904195,819.6659558659073
478,94.45101585549972,94.36347697315342,3.592978922941504,136.3991031004281,818.3754105982638
479,94.50956433567727,94.37565092003041,3.744058242803254,136.42134669419715,816.9762382873495
480,94.57267464200672,94.39206956352844,4.042553546581218,136.44532296227405,815.4712254649439
481,94.6402463616104,94.4127509633686,4.06154779857333,136.47099365814563,813.8634639964838
482,94.7121677668589,94.43770236365945,3.974562880929496,136.49831623306258,812.1563378998044
483,94.78831609440336,94.46692017455479,4.018162884526346,136.52724394304795,810.3535090902797
484,94.86855785179179,94.5003899809912,3.977751646643631,136.55772596643803,808.4589021529417
485,94.95274915090347,94.53808657848388,3.7477652306732487,136.5897075316542,806.4766882474006
486,95.04073606736745,94.57997403589084,3.964163444406313,136.62313005487812,804.4112682553771
487,95.13235502506741,94.62600578498889,4.039748142230081,136.65793128727856,802.267255283524
488,95.22743320477134,94.67612473663743,4.03257938016485,136.69404547141286,800.0494566358888
489,95.32578897586487,94.73026342323972,4.121723474647758,136.73140350640372,797.7628553708386
490,95.42723235010916,94.78834416714551,4.0279828802931785,136.76993312146956,795.4125915566513
491,95.53156545628919,94.85027927457415,3.9591510917658566,136.80955905736644,793.0039433382874
492,95.63858303456597,94.91597125457346,4.105584869100797,136.85020325527879,790.542307924979
493,95.7480729492972,94.98531306246711,3.88909358371134,136.89178505267898,788.0331826047353
494,95.85981671904442,95.05818836718188,3.721010792808914,136.9342213856578,785.4821458870821
495,95.97359006244217,95.1344718417869,3.867899952724511,136.97742699721215,782.8948388701139
496,96.08916345856451,95.21402947651838,3.754794679575964,137.02131465096264,780.2769469217689
497,96.20630272038827,95.29671891350753,3.772129820458933,137.06579534975876,777.6341817586434
498,96.32476957992003,95.38238980237524,3.8817742477542816,137.11077855862058,774.9722639984499
499,96.44432228352395,95.4708841758043,3.7558222670079844,137.1561724314526,772.2969062547439
500,96.56471619596238,95.56203684415081,3.8564512046823753,137.2018840409591,769.6137968347293
501,96.68570441164005,95.65567580810824,3.5431597747416808,137.2478196111813,766.9285840929618
502,96.80703837152323,95.75162268839283,3.968475271698694,137.29388475207261,764.246861485753
503,96.92846848419252,95.84969317137613,3.9300785150988666,137.33998469552157,761.5741533630395
504,97.04974474947674,95.94969746955118,3.7705198700379605,137.3860245322325,758.9159015265719
505,97.17061738310903,96.051440795681,4.069958206309402,137.4319094488695,756.2774525755428
506,97.29083744084416,96.1547238494446,4.12985770535254,137.47754496487104,753.6640460533771
507,97.41015744047668,96.25934331536394,3.6251211030561263,137.5228371683451,751.0808034021926
508,97.52833198020566,96.36509237076741,3.798423831488221,137.5676929504557,748.5327177248071
509,97.64511835179991,96.47176120252013,3.801513739345866,137.6120202377181,746.02464434779
510,97.76027714703159,96.57913753122942,3.7717640185586334,137.65572822162517,743.5612921732791
511,97.8735728558621,96.68700714161548,4.130062261192585,137.69872758503533,741.147215801997
512,97.98477445488513,96.79515441772128,3.9298361033720117,137.7409307247605,738.7868084050546
513,98.09365598455635,96.9033628816242,3.9201349098844704,137.7822519698041,736.4842953179972
514,98.19999711376659,97.01141573430273,3.576695572225061,137.82260779470934,734.2437283267876
515,98.30358369034757,97.11909639730646,4.10896655833141,137.86191702749096,732.0689806123959
516,98.40420827613431,97.22618905387546,3.7384220722381993,137.90010105163893,729.9637423180377
517,98.50167066524651,97.33247918815638,4.0026181727676775,137.93708400169623,727.931516701144
518,98.59577838429382,97.43775412116784,4.05042330655952,137.97279295193047,725.9756168306449
519,98.68634717325457,97.54180354217507,4.271345664396908,138.00715809763545,724.0991627891879
520,98.77320144582598,97.64442003414598,3.7416571415761632,138.04011292861938,722.305079339429
521,98.85617472809533,97.74539959197509,3.4036589521068135,138.0715943944534,720.5960940135064
522,98.9351100744356,97.84454213218012,4.048396136370124,138.10154306107748,718.9747355852811
523,99.00986045958602,97.94165199279728,4.375709968006859,138.1299032583799,717.443332885709
524,99.08028914593754,98.03653842222563,4.267287345899138,138.15662321839102,716.0040139229211
525,99.14627002510527,98.12901605579893,4.065221541342681,138.1816552037532,714.658705270206
526,99.20768793293402,98.21890537889352,3.9286478834082255,138.20495562615494,713.409131686897
527,99.26443893714978,98.30603317541488,4.191971879519473,138.2264851544402,712.2568159393651
528,99.31643059693783,98.3902329605418,3.8392903114413195,138.2462088121299,711.2030787917331
529,99.36358219379913,98.47134539664657,4.132596715133753,138.26409606411886,710.2490391385834
530,99.40582493310755,98.54921869135165,4.141611998178743,138.28012089233746,709.3956142547383
531,99.44310211586433,98.62370897672771,4.2556140495456125,138.29426186019413,708.6435201402394
532,99.47536928022055,98.69468066868545,4.59841391519832,138.30650216564266,707.9932719417925
533,99.50259431241372,98.7620068056628,4.127725472467929,138.31682968274512,707.445184435188
534,99.52475752684137,98.82556936576103,3.950055618854702,138.32523699163056,706.999372556604
535,99.54185171507127,98.88525956153688,4.0491807795846135,138.33172139677583,706.6557519740571
536,99.5538821636661,98.94097811171432,3.702764921602463,138.33628493356537,706.4140396937648
537,99.56086664077763,98.99263548913626,3.9197554288367757,138.33893436311345,706.2737546996326
538,99.56283535154436,99.04015214433694,3.978789750295194,138.33968115536203,706.2342186275299
539,99.55983086240367,99.08345870417584,3.957604127284291,138.33854146049524,706.2945564794483
540,99.55190799450796,99.12249614503685,4.094493316353255,138.33553606873977,706.4536973860077
541,99.5391336865111,99.1572159401597,3.9009618670701074,138.33069035864935,706.7103754290504
542,99.52158682706809,99.1875801807354,4.290896920875046,138.32403423399867,707.0631305392596
543,99.49935805746672,99.21356167046301,4.0677974414726235,138.31560204944,707.5103094867673
544,99.47254954488436,99.23514399333145,4.066780839498867,138.30543252510375,708.050066985684
545,99.4412747268368,99.2523215544569,4.003766240430149,138.29356865035015,708.680366936117
546,99.40565802745782,99.26509959387364,4.100907220120615,138.28005757690673,709.3989838298564
547,99.36583454631871,99.27349417324406,4.2352329140365335,138.2649505016515,710.2035043481602
548,99.32194972056533,99.27753213552083,3.896952774414174,138.24830253932754,711.0913291821361
549,99.27415896121737,99.27725103766221,3.9387439947290996,138.23017258549945,712.0596751079823
550,99.22262726453891,99.2726990565686,4.00943545556398,138.21062317008594,713.1055773508066
551,99.16752879945146,99.2639348684755,3.800647144912853,138.18972030182664,714.2258922718896
552,99.10904647202095,99.2510275021043,3.905440555641977,138.16753330406272,715.4173004150346
553,99.04737146810703,99.23405616593786,3.97335212809452,138.14413464223395,716.6763099480207
554,98.98270277531793,99.21311005005286,4.242615348194714,138.1195997435147,717.9992605352076
555,98.91524668546579,99.18828810300394,4.119232078023547,138.09400680903022,719.3823276768428
556,98.84521627876589,99.15969878431744,4.104265632430524,138.067436619116,720.8215275498144
557,98.77283089106925,99.12745979321343,4.234405443955346,138.03997233209745,722.3127223831605
558,98.69831556545998,99.09169777423398,4.035285251063714,138.01169927708597,723.8516263998874
559,98.62190048958837,99.05254800051351,4.139247438006832,137.98270474130155,725.4338123542744
560,98.54382042014585,99.01015403548287,4.038771964868299,137.95307775244748,727.0547186910377
561,98.46431409592039,98.96466737385266,4.110623832207885,137.9229088566741,728.7096573494443
562,98.38362364089978,98.91624706277325,3.939014398051387,137.89228989268162,730.3938222315574
563,98.30199395891394,98.8650593041183,3.5657039998135645,137.86131376252112,732.1022983496003
564,98.2196721213301,98.81127703888595,4.024406526157064,137.8300741996633,733.8300716625511
565,98.13690674933092,98.75507951475636,4.333507887324999,137.7986655349106,735.5720396069013
566,98.0539473923195,98.69665183788662,4.23180580580167,137.7671824607355,737.3230223208549
567,97.97104390400516,98.63618451006316,4.237163061830825,137.7357197946321,739.0777745551924
568,97.88844581772936,98.57387295236867,4.288754935408359,137.7043722420719,740.8309982576529
569,97.80640172259285,98.50991701655403,4.056638115871003,137.673234159656,742.57735581104
570,97.72515864194408,98.44452048533653,4.075688481379917,137.6423993190565,744.3114838983219
571,97.6449614157814,98.3778905628736,3.9099631339909475,137.6119606723387,746.0280079609838
572,97.56605208861366,98.31023735668528,3.967505160418687,137.58201011925374,747.7215572097026
573,97.48866930430853,98.24177335232055,4.151066937399372,137.55263827708555,749.3867801392588
574,97.41304770944153,98.17271288208063,4.26585811559907,137.5239342536326,751.0183604925218
575,97.3394173666368,98.10327158912698,3.9943448800180064,137.49598542389597,752.6110336114136
576,97.2680031793662,98.03366588831358,3.9293424484505746,137.46887721103724,754.1596031060302
577,97.1990243296443,97.96411242509114,4.016634201200056,137.44269287216073,755.658957766832
578,97.13269373002478,97.89482753383561,4.133929278673083,137.41751328946086,757.1040886388621
579,97.06921749126784,97.82602669695495,3.7220961313484446,137.393416767265,758.4901061716076
580,97.00879440700939,97.75792400612616,3.5488386936237246,137.37047883548607,759.8122573533664
581,96.95161545672009,97.69073162700899,3.8952126268090517,137.3487720599841,761.0659427349418
582,96.89786332819611,97.62465926877458,3.7584685448369264,137.32836586031922,762.246733244249
583,96.84771196077578,97.55991365977468,3.8983284205213,137.30932633535983,763.3503866910148
584,96.80132611042356,97.49669803066209,3.9678085554936513,137.29171609719032,764.3728638592903
585,96.75886093776822,97.43521160625427,3.904193994051823,137.27559411374193,765.3103440850208
586,96.72046162012523,97.37564910741018,4.282895120297967,137.26101556054894,766.1592402164113
587,96.6862629884729,97.31820026416541,4.055395163751246,137.24803168200833,766.91621285649
588,96.65638919028984,97.26304934134245,4.047879894917206,137.23668966249812,767.5781837897956
589,96.63095337909611,97.21037467782192,4.1100667905993795,137.22703250768458,768.1423484989102
590,96.6100574314745,97.1603482406263,3.755807654309525,137.21909893632147,768.6061876812677
591,96.5937916922789,97.11313519493069,4.189460900476212,137.21292328281925,768.9674776823924
592,96.58223474866675,97.06889349107536,3.964671775826998,137.208535410834,769.2242997685195
593,96.57545323352038,97.02777346961244,4.112234835702353,137.2059606380975,769.3750481690643
594,96.57350165874846,96.98991748537378,3.7622151702922944,137.2052196726816,769.4184368279394
595,96.57642227888442,96.95545955149967,3.6644220884082737,137.20632856086047,769.3535048118512
596,96.58424498532261,96.92452500431826,4.137483456782054,137.20929864670416,769.1796203334895
597,96.59698723145661,96.89723018991312,4.048068343005942,137.21413654350846,768.8964833579151
598,96.61465398890678,96.87368217316259,3.7914106582281644,137.22084411713283,768.5041267710936
599,96.63723773494655,96.85397846997792,3.797080501014156,137.22941848129005,768.0029161005269
600,96.66471847115879,96.83820680340966,4.19545343582275,137.23985200479999,767.3935477890956
601,96.69706377327564,96.82644488423183,3.73200186168004,137.25213233078728,766.6770460342402
602,96.73422887207721,96.81876021655228,4.298103759529836,137.26624240777522,765.8547582156776
603,96.77615676514696,96.81520992893516,3.789299460156768,137.28216053259445,764.9283489454764
604,96.82277835920465,96.81584063145762,4.097127851011439,137.2998604049969,763.8997927846507
605,96.87401264266056,96.82068829905786,3.9039245251115755,137.31931119383395,762.7713656801872
606,96.92976688796035,96.82977818146641,4.090658391656591,137.34047761462944,761.5456351855559
607,96.9899368832142,96.8431247399454,3.861745313914923,137.3633200183474,760.225449536181
608,97.05440719253178,96.86073161099426,3.9387314148363064,137.38779449112744,758.8139256588447
609,97.12305144441197,96.88259159711241,3.9803700905607533,137.4138529647313,757.3144362007245
610,97.19573264746678,96.90868668464194,3.772818662914025,137.44144333741775,755.7305956694198
611,97.27230353269005,96.93898808864594,4.122663380718509,137.47050960493564,754.066245779982
612,97.35260692141574,96.9734563247101,3.8732689960187976,137.50099200130057,752.325440108576
613,97.43647611804593,97.01204130748809,3.9317737105390083,137.5328271489939,750.5124281549909
614,97.5237353265669,97.05468247574466,3.7803721065838287,137.56594821820144,748.6316389176243
615,97.61420008981216,97.10130894358362,3.4686869349278666,137.60028509468398,746.6876640850759
616,97.70767775037496,97.1518396774829,3.945019874256765,137.63576455585235,744.6852409478076
617,97.8039679320174,97.2061836986941,4.467976615969041,137.67231045459783,742.6292351318158
618,97.9028630403738,97.26424031050075,4.144754710310136,137.70984391041003,740.5246232536967
619,98.00414878169599,97.32589934976703,3.9865097973935697,137.7482835072962,738.3764755931554
620,98.10760469834464,97.3910414621485,3.9404545341064345,137.78754549799945,736.1899388748105
621,98.2130047196877,97.45953840027676,4.000334252973756,137.82754401399754,733.9702192462763
622,98.32011772702917,97.5312533441728,4.108205210146127,137.86819128075058,731.7225655340646
623,98.42870813115614,97.60604124308807,3.765685127904842,137.90939783765248,729.452252852714
624,98.53853646106063,97.68374917791911,4.227898055228459,137.95107276213082,727.1645666362091
625,98.64935996236457,97.76421674328957,4.151409149563121,137.9931238973291,724.8647871538727
626,98.76093320395235,97.8472764483448,4.155375479523724,138.03545808279821,722.5581745658956
627,98.8730086912944,97.93275413525727,4.102938067307494,138.07798138761572,720.2499545664613
628,98.9853374849292,98.0204694143966,4.0227625775290585,138.12059934534784,717.9453046551583
629,99.09766982255746,98.11023611507667,4.157091927911508,138.16321719026408,715.6493410701247
630,99.20975574319381,98.20186275075311,4.144639199529153,138.2057400942129,713.3671064092083
631,99.32134571181587,98.29515299750834,3.9592931307096375,138.24807340356514,711.1035579584876
632,99.43219124294932,98.38990618462842,3.919265798990385,138.290122875634,708.8635567407167
633,99.54204552163048,98.48591779604526,4.058293888690253,138.33179491398096,706.6518572898714
634,99.65066402019421,98.582979981391,4.3517062095360695,138.37299680202182,704.4730981518316
635,99.7578051093455,98.68088207538722,3.798094749960096,138.41363693435198,702.3317931056025
636,99.86323066198747,98.77941112427057,3.756450802944605,138.45362504521566,700.2323230941722
637,99.9667066482964,98.87835241793938,4.086964617382818,138.49287243355303,698.1789288493233
638,100.06800372055645,98.9774900264908,4.068254631457326,138.53129218406744,696.1757041903892
639,100.16689778629245,99.07660733980761,4.096809233806194,138.56879938376622,694.2265899731158
640,100.26317056826788,99.17548760884597,4.114985631544385,138.60531133343994,692.3353686614898
641,100.35661014994876,99.2739144872712,4.025590043051158,138.6407477535589,690.5056594925352
642,100.44701150506968,99.37167257208773,4.3722112631760135,138.6750309840791,688.7409142018182
643,100.53417700997866,99.46854794191198,3.758029669923088,138.70808617766644,687.0444132755268
644,100.61791693748,99.56432869154264,3.9164380713971996,138.73984148586493,685.4192626937016
645,100.6980499309408,99.65880546149249,4.065360071891383,138.7702282377507,683.8683911282749
646,100.77440345747652,99.75177196115783,3.761184888176637,138.7991811106354,682.3945475591515
647,100.84681423908208,99.84302548431819,4.058393163970631,138.82663829240002,681.0002992716145
648,100.91512866063172,99.93236741567765,4.429521097188387,138.85254163506252,679.6880301986176
649,100.97920315372724,100.01960372718177,4.104981050473645,138.87683679920403,678.4599395724148
650,101.03890455543552,100.10454546286958,4.150426545121389,138.8994733889011,677.3180408509879
651,101.09411044101859,100.18700921104866,3.8556344246184793,138.92040507683484,676.2641608862399
652,101.1447094298244,100.26681756261331,3.9876672384592506,138.93958971927233,675.2999393025793
653,101.19060146357421,100.34379955436006,4.039056505663975,138.95698946064036,674.4268280565691
654,101.23169805635035,100.41779109619259,4.053586415592649,138.97257082743667,673.6460911505022
655,101.26792251566015,100.48863538114821,4.376362809627831,138.98630481125113,672.9588044751958
656,101.29921013402308,100.55618327722112,4.234341726511091,138.99816694069463,672.3658557599599
657,101.32550835060246,100.6202937000029,3.9031404503127125,139.00813734206113,671.8679446104169
658,101.34677688247753,100.68083396520912,4.177215148259974,139.01620078857576,671.4655826177994
659,101.36298782522807,100.7376801202107,4.229889234627996,139.02234673810938,671.1590935263481
660,101.37412572257985,100.79071725374146,4.3604492151076535,139.0265693592684,670.9486134485726
661,101.38018760493695,100.83983978300775,4.450541568416993,139.0288675457961,670.8340911212342
662,101.38118299670488,100.88495171748251,3.933264182051209,139.02924491925154,670.8152881982055
663,101.37713389238567,100.92596689872444,3.9757931406056346,139.02770981995855,670.8917795794758
664,101.36807470150525,100.96280921562284,3.887959606057614,139.02427528624744,671.0629537789063
665,101.35405216251034,100.99541279453013,4.094007952754339,139.01895902204024,671.3280133363897
666,101.33512522585026,101.02372216380681,4.235244283605346,139.01178335285692,671.6859752833526
667,101.31136490653606,101.04769239236758,4.340422291404891,139.00277517035124,672.1356716734427
668,101.2828541065449,101.06728920188236,4.1285686525486724,138.9919658655088,672.6757501933726
669,101.24968740751449,101.0824890523517,4.080412546495451,138.97939125067197,673.3046748716138
670,101.21197083424474,101.09327920084279,4.175176045684302,138.9650914705791,674.0207269054205
671,101.16982158959866,101.09965773323911,3.978057386736799,138.94911090263565,674.8220056291678
672,101.1233677614644,101.10163356892456,4.563074720664861,138.9314980466596,675.7064296493899
673,101.07274800251135,101.09922643839012,3.823536078550383,138.9123054043695,676.6717381739978
674,101.01811118354046,101.09246683381932,4.181739255965737,138.89158934890867,677.7154925650876
675,100.95961602129546,101.08139593277566,4.54905847708973,138.86940998472397,678.8350781463946
676,100.8974306816649,101.0660654951831,4.145068654214507,138.84583099814128,680.0277062978017
677,100.83173235926736,101.04653773385678,4.104900240087829,138.820919499002,681.2904168703088
678,100.76270683446997,101.02288515890788,4.070449206953138,138.7947458537487,682.6200809556404
679,100.69054800894804,100.99519039641123,4.104724469900379,138.7673835103679,684.0134040449361
680,100.61545742094638,100.96354598178917,4.414075080188662,138.73890881561897,685.4669296109511
681,100.53764374145385,100.92805412842789,3.695677836999642,138.70940082499783,686.9770431477347
682,100.45732225255075,100.8888264721048,4.443128625615563,138.67894110590208,688.5399767008475
683,100.37471430923249,100.84598379186544,3.849893904976454,138.64761353448122,690.1518139198732
684,100.29004678605497,100.7996557080479,4.079455418183081,138.6155040866727,691.8084956631794
685,100.20355150998492,100.74998035820931,4.04490031062685,138.5827006239388,693.5058261825991
686,100.1154646808722,100.69710405176455,4.246291920076491,138.54929267423287,695.2394799130271
687,100.02602628099334,100.64118090420028,3.8066635466954626,138.51537120873718,697.0050088886491
688,99.93547947514146,100.58237245177871,4.216311803739315,138.48102841492428,698.7978508038796
689,99.84407000276255,100.52084724769404,4.526216661812827,138.44635746650482,700.6133377329074
690,99.75204556365705,100.45678044069095,3.846093197149767,138.41145229083284,702.4467055171851
691,99.65965519878256,100.39035333719858,4.153945720347221,138.37640733434705,704.2931038250761
692,99.56714866770504,100.32175294807412,3.980795435311717,138.34131732663124,706.147606882591
693,99.47477582425451,100.25117152108915,4.1954754736032625,138.30627704368314,708.0052248681899
694,99.38278599194615,100.17880606032723,4.111160603956567,138.271381070982,709.8609159586182
695,99.29142734072762,100.10485783369393,3.9760017893725896,138.2367235669476,711.7095990063331
696,99.2009462666104,100.0295318697703,4.198785263634797,138.2023980273833,713.5461668224239
697,99.11158677573594,99.95303644526743,4.458944116213313,138.16849705149335,715.3655000322358
698,99.02358987441596,99.87558256436314,4.056718126793429,138.13511211006215,717.1624814640419
699,98.93719296667152,99.79738343122217,4.2356443091097455,138.10233331637903,718.9320110242526
700,98.8526292607769,99.7186539170184,3.8298102190235217,138.0702492004848,720.6690210058906
701,98.77012718629118,99.63961002279113,3.893936735570835,138.03894648730932,722.3684917704655
702,98.68990982303518,99.56046833947813,4.17646045749468,138.0085098792611,724.0254677369842
703,98.61219434344048,99.481445506475,4.375562471472668,137.97902184381792,725.6350736058176
704,98.53719146966485,99.40275767007415,4.1466357342301725,137.95056240665647,727.1925307395505
705,98.46510494683073,99.32461994313721,4.009697811563995,137.92320895084586,728.6931736178159
706,98.39613103370333,99.24724586735105,4.068995361646064,137.89703602261358,730.1324662786536
707,98.33045801208168,99.17084687941194,3.8159231752619465,137.87211514417888,731.5060186551052
708,98.26826571612857,99.09563178247166,4.183823968352411,137.8485146341286,732.809602712676
709,98.20972508281615,99.02180622416704,4.236360667655531,137.82629943579337,734.0391682911072
710,98.15499772461058,98.94957218253734,3.966514392917415,137.80553095406168,735.1908585525324
711,98.10423552546375,98.87912746111454,3.9600357963537958,137.78626690104795,736.2610249376535
712,98.0575802611222,98.8106651944485,4.104412918902799,137.7685611510094,737.2462415321869
713,98.01516324470202,98.74437336530296,3.9611753607693028,137.752463604882,738.143318747338
714,97.9771049984156,98.68043433472901,4.032671284798725,137.73802006478226,738.9493162206732
715,97.94351495227087,98.61902438619083,4.463324357667128,137.7252721187964,739.6615548473069
716,97.9144911704961,98.56031328488294,3.991567704531001,137.714257036352,740.277627855914
717,97.89012010637394,98.50446385334052,3.9670149875827176,137.7050076744402,740.7954108496011
718,97.87047638609752,98.45163156440361,3.9070085330135162,137.6975523949291,741.2130707381208
719,97.85562262218917,98.40196415255241,4.183318924554637,137.6919149931809,741.5290734951927
720,97.8456092569475,98.35560124458533,3.9963348163843784,137.68811463815544,741.7421906828141
721,97.84047443631475,98.31267401056279,3.900945026768789,137.68616582415484,741.8515046931615
722,97.84024391447927,98.27330483588916,4.293466304726059,137.68607833433205,741.8564126680866
723,97.8449309894519,98.23760701535272,4.31166248853219,137.6878572160584,741.7566290660336
724,97.85453646977678,98.20568446988806,3.9063483501176695,137.6915027682123,741.5521868564329
725,97.86904867246054,98.1776314867691,3.65197490068541,137.69701054042272,741.2434373320806
726,97.88844345212424,98.15353248388203,4.225797569806548,137.70437134426825,740.8310485405949
727,97.9126842613058,98.13346179866734,3.88654596859336,137.71357127640422,740.3160023466127
728,97.94172224176185,98.11748350225855,4.180941943425155,137.72459175355715,739.6995901468067
729,97.97549634654105,98.1056512392821,3.628310937268199,137.73740955929736,738.9834072699999
730,98.01393349252349,98.09800809371887,4.200537799502335,137.7519969024694,738.1693461043843
731,98.05694874304507,98.09458648116272,3.7796436598715153,137.76832148712933,737.2595880031841
732,98.10444552015046,98.09540806774504,4.168064554590852,137.78634659381078,736.2565940286975
733,98.15631584594385,98.10048371592828,4.024974445920346,137.80603117190932,735.1630946026977
734,98.21244061243456,98.1098134573038,3.8317144678701265,137.8273299429496,733.9820781382356
735,98.27268987920282,98.12338649246205,3.9416515836055876,137.8501935144694,732.7167787342934
736,98.33692319814172,98.14118121793535,4.161052121326691,137.87456850422925,731.370663020029
737,98.40498996446384,98.16316528014606,4.045868667109036,137.9003976744293,729.9474162398066
738,98.47672979309495,98.18929565622514,4.142643717999728,137.92762007558994,728.4509276736032
739,98.5519729195142,98.21951876149923,4.422288386124565,137.95617119972826,726.8852754898077
740,98.6305406240388,98.25377058337753,3.7155562715762684,137.98598314243918,725.254711128749
741,98.71224567849283,98.2919768413038,4.353413565487181,138.0169847734674,723.563643315763
742,98.79689281414349,98.33405317237379,4.052567367571968,138.04910191533483,721.8166218019545
743,98.88427920973541,98.37990534215392,3.853819309363685,138.08225752956952,720.0183209293541
744,98.97419499840328,98.4294294801747,3.7695438835393653,138.1163719100611,718.1735231147233
745,99.06642379219537,98.48251233950975,3.9999589277644936,138.15136288305192,716.2871023431024
746,99.16074322289737,98.53903157979205,4.224430317156367,138.1871460132561,714.3640077582003
747,99.25692549780447,98.59885607295975,4.017043274915843,138.2236348155837,712.4092474321506
748,99.35473796905269,98.6618462309675,4.347366681519137,138.26074097193396,710.4278723918651
749,99.45394371508633,98.72785435464407,3.757606890530095,138.29837455250927,708.4249609735991
750,99.55430213280817,98.7967250028244,4.0482479355465895,138.33644424109096,706.4056035711532
751,99.65556953893262,98.86829538083342,3.8031214217315465,138.3748575637086,704.3748878366927
752,99.75749977903827,98.94239574735049,4.129364602166364,138.41352112012652,702.3378843865505
753,99.85984484279793,99.01884983863778,4.237150321403609,138.4523408175661,700.2996330574597
754,99.96235548384826,99.09747530907198,3.9788441289357412,138.49122210607587,698.2651297518959
755,100.06478184274957,99.17808418687845,3.5454586803365897,138.53007021495935,696.2393139042197
756,100.16687407147892,99.26048334392848,4.109469446460367,138.56879038966883,694.2270565926672
757,100.26838295789531,99.34447497842572,4.160471184462157,138.60728812857198,692.2331493155394
758,100.36906054861645,99.42985710927495,4.157483092472612,138.64546941900073,690.2622934436092
759,100.46866076875003,99.51642408089788,4.327329825681244,138.6832409719931,688.3190903546639
760,100.56694003693043,99.60396707723392,3.869551914236781,138.7205104551439,686.4080322503363
761,100.66365787412396,99.69227464364143,4.223426481479389,138.7571867229853,684.5334936499823
762,100.75857750468037,99.78113321539468,4.329527964326776,138.79318004432494,682.6997235513976
763,100.85146644812897,99.87032765145587,3.7389659169083878,138.82840232597863,680.9108382435963
764,100.94209710023948,99.95964177218784,4.162275677843497,138.86276733234268,679.1708147528024
765,101.03024730189593,100.04885889966351,4.001167248684671,138.8961909002643,677.483484899179
766,101.11570089436114,100.13776239922166,4.089343723747759,138.92859114867824,675.8525299386584
767,101.1982482595445,100.22613622091522,4.178806881765191,138.95988868249404,674.2814757615877
768,101.2776868439219,100.31376543949911,4.015418670196753,138.9900067902307,672.7736886177141
769,101.35382166479918,100.40043679160745,3.981276292623583,139.01887163491352,671.3323713353009
770,101.42646579765288,100.48593920877789,4.126753991057498,139.046412437764,669.9605600008955
771,101.49544084333081,100.57006434499064,3.9059234503720557,139.07256165423203,668.6611210654725
772,101.56057737394426,100.65260709740345,3.9095918652165045,139.0972551419391,667.4367488422578
773,101.62171535633766,100.7333661189813,4.265942667469534,139.1204323201215,666.2899633615369
774,101.67870455207691,100.81214432173927,3.903539110159579,139.14203632018354,665.2231085481537
775,101.73140489295709,100.88874936934076,4.269701224324814,139.16201412699309,664.2383506881428
776,101.77968683109039,100.96299415781989,4.232001019041406,139.1803167105747,663.3376771520041
777,101.82343166269968,101.03469728322654,3.797261242854169,139.19689914787884,662.5228953435269
778,101.8625318248083,101.10368349502501,4.009738092828894,139.21172073433118,661.7956318447309
779,101.89689116408432,101.16978413411329,4.38678303010812,139.2247450848898,661.1573317293796
780,101.9264251771675,101.2328375543678,3.9543132335011437,139.23594022436473,660.6092580197562
781,101.95106122187818,101.29268952666034,4.060119418131197,139.24527866678022,660.1524912636332
782,101.97073869878018,101.34919362433699,4.247729117248196,139.252737483587,659.7879292109907
783,101.9854092026439,101.4022115891959,4.314168777013551,139.25829836055848,659.5162865727004
784,101.99503664343112,101.45161367704884,4.109208383550103,139.26194764323324,659.3380948461869
785,101.999597336499,101.49727898200302,4.041886399323796,139.26367637079323,659.253702196062
786,101.99908006179768,101.53909573865258,4.447576897624457,139.26348029829546,659.2632733806868
787,101.99348609191411,101.57696160142437,4.512435358417916,139.26135990720357,659.3667897187428
788,101.98282918889105,101.61078390037993,4.361813750071936,139.25732040419314,659.5640490929773
789,101.96713556983022,101.64047987283412,4.1843233032992035,139.2513717082345,659.8546659914551
790,101.94644384136475,101.66597687021168,4.006651907350494,139.24352842598333,660.2380715897648
791,101.92080490316526,101.68721253962448,4.003086832813291,139.23380981553976,660.7135138807496
792,101.89028182072042,101.7041349797158,4.2743723552215,139.22223973866318,661.2800578614178
793,101.85494966771013,101.716702870382,4.254064461863399,139.20884660155903,661.9365857896456
794,101.81489533836537,101.72488557604727,4.451040027207225,139.19366328438133,662.6817975262384
795,101.77021733028347,101.72866322223362,4.3009652106188065,139.17672705962227,663.5142109807019
796,101.72102549824189,101.7280267452343,3.870233036202643,139.158079499587,664.4321626816987
797,101.66744077962582,101.72297791476693,4.381031618050028,139.13776637317847,665.4338084957351
798,101.60959489215568,101.71352932954933,3.97064257704864,139.11583753224414,666.5171245198694
799,101.54763000467038,101.69970438580941,4.092893625427716,139.09234678776042,667.6799081763744
800,101.4816983817888,101.68153721880769,4.218983067221455,139.0673517761569,668.9197795391761
801,101.41196200333809,101.65907261751856,4.5671554752750545,139.04091381610672,670.2341829234239
802,101.33859215949973,101.63236591268365,4.788910713621102,139.01309775613208,671.6203887709692
803,101.26176902268526,101.60148283851711,4.287005408206438,138.9839718133975,673.0754958654666
804,101.18168119721203,101.56649936840836,4.127587150360665,138.95360740408498,674.5964339115022
805,101.09852524790423,101.52750152503302,4.2695286922224644,138.9220789657668,676.1799665124904
806,101.01250520879766,101.48458516534674,4.3383990769539835,138.8894637722102,677.8226945819641
807,100.92383207317619,101.4378557409992,4.094818560269529,138.85584174107012,679.5210602224207
808,100.83272326621433,101.38742803476713,4.515926820607917,138.82129523494058,681.2713511049774
809,100.73940210154463,101.33342587366525,4.200684612658556,138.7859088562556,683.0697053817254
810,100.64409722310732,101.27598181945208,4.251863872415814,138.74976923654395,684.9121171608531
811,100.54704203367805,101.21523683730425,4.283009560740366,138.71296482055791,686.7944425723318
812,100.4484741115018,101.15133994348737,4.231522259805874,138.675585645809,688.7124064491696
813,100.3486346164909,101.08444783290433,4.312250461243,138.63772311805565,690.6616096460466
814,100.24776768747185,101.01472448745163,4.018153066676132,138.59946978329958,692.6375370133571
815,100.14611983198688,100.9423407661629,4.026975620623473,138.56091909685543,694.6355660405532
816,100.04393931017597,100.86747397816399,3.9155355865103845,138.52216519006774,696.6509761780242
817,99.94147551427903,100.7903074395069,4.2203028511438285,138.4833026352553,698.6789588416851
818,99.83897834530916,100.71103001499043,4.284939531317031,138.4444262094684,700.7146280989616
819,99.73669758845513,100.62983564611248,4.217377834720989,138.405630657648,702.7530320290649
820,99.63488228877405,100.54692286633428,4.457322324189213,138.36701045577925,704.7891647442493
821,99.53378012873492,100.46249430486768,4.117843062733765,138.32865957463065,706.8179790523403
822,99.43363680916858,100.37675618022608,4.249195334507772,138.29067124467196,708.8343997341956
823,99.33469543517168,100.28991778480489,3.8935464539491376,138.25313772275996,710.833337402917
824,99.23719590849929,100.20219096177942,4.030869888938076,138.21615006117838,712.8097029048288
825,99.14137432796504,100.11378957562822,4.243772924113912,138.1797978796135,714.7584222152958
826,99.0474623993475,100.02492897760483,4.270842510230427,138.1441691406394,716.6744517756947
827,98.95568685627758,99.93582546749423,4.038575454634427,138.1093499292798,718.55279421122
828,98.86626889355446,99.84669575299924,4.079394675501355,138.07542423720304,720.388514362768
829,98.77942361430667,99.7577564081082,3.7864932633962742,138.04247375209656,722.1767555601773
830,98.6953594923798,99.6692233317975,4.015032316442375,138.010577652754,723.9127560584011
831,98.61427785129483,99.58131120842228,4.260910392249271,137.9798124103949,725.5918655531518
832,98.53637236107944,99.4942329711437,4.194304555038205,137.95025159672147,727.2095616880233
833,98.46182855422967,99.4081992697342,4.175869314335344,137.9219656992001,728.7614664613109
834,98.39082336201207,99.32341794409069,4.0822148731439105,137.8950219440381,730.2433624376879
835,98.32352467226532,99.2400935047719,4.070256465421284,137.86948412730675,731.651208667676
836,98.26009090980634,99.15842662185811,3.933431263601493,137.845412454641,732.9811562165557
837,98.2006706404899,99.07861362341076,4.201988842600348,137.8228633899252,734.2295632039084
838,98.14540219991137,99.00084600478581,4.143229275074097,137.80188951335163,735.3930092556457
839,98.09441334768047,98.92530995002704,4.154341477549669,137.78253938921497,736.4683092719207
840,98.04782094813025,98.85218586653565,3.947732651994446,137.76485744378067,737.4525264169414
841,98.00573067825955,98.7816479341793,3.619378981327103,137.7488838535404,738.3429842403302
842,97.9682367636386,98.71386366996758,4.266698952819411,137.73465444414109,739.1372778442585
843,97.93542174293808,98.64899350938178,3.9488412426829718,137.7222006002464,739.8332840161767
844,97.90735626167015,98.5871904054058,3.8695196538130143,137.71154918656242,740.429170253435
845,97.88409889565695,98.52859944626007,4.178368359679462,137.7027224802301,740.9234026134226
846,97.86569600466784,98.47335749279405,3.9590051292207304,137.69573811475823,741.3147523309575
847,97.85218161659125,98.42159283644382,4.247272583103522,137.69060903564082,741.6023011534542
848,97.84357734243048,98.37342487860937,4.156711609938324,137.6873434677734,741.7854453538173
849,97.8398923223362,98.32896383225327,4.16820138176248,137.6859448947516,741.8638983908197
850,97.84112320281018,98.28831044646634,3.756629586065013,137.68641205010564,741.8376921969891
851,97.84725414513774,98.25155575468895,4.270702583019527,137.68873892049302,741.7071770844924
852,97.85825686502716,98.21878084721713,4.079220120982674,137.69291476084135,741.4730202700871
853,97.87409070335755,98.19005666856216,3.9519368955618086,137.69892412140246,741.1362030307595
854,97.89470272785819,98.16544384017017,4.053460890915427,137.70674688664818,740.6980165121221
855,97.92002786546502,98.14499250894474,3.668697646287071,137.71635832590795,740.1600562217598
856,97.94998906502356,98.12874222195131,4.1050089933961385,137.727729155618,739.5242152494972
857,97.98449748993183,98.11672182761636,3.816911293295857,137.7408256130226,738.7926762657762
858,98.02345274024118,98.10894940366843,3.751932868381699,137.75560954113737,737.967902358041
859,98.06674310366066,98.10543221200112,3.717850883448468,137.7720384847578,737.0526267728337
860,98.11424583483684,98.10616668057077,4.244890508901387,137.79006579726536,736.049841638574
861,98.16582746221141,98.11113841237415,3.8967039961687826,137.80964075795865,734.9627857501306
862,98.22134412168963,98.12032222148378,4.329678753064135,137.8307086996081,733.7949315017399
863,98.2806419162853,98.13368219605057,3.9163206774276142,137.85321114590798,732.5499710591224
864,98.34355730084366,98.15117178811666,3.6827264517941933,137.87708595847448,731.2318018650535
865,98.40991749088039,98.17273393001364,3.8017772031408277,137.90226749301334,729.8445115750199
866,98.47954089451501,98.19830117705541,4.27329267226066,137.92868676425894,728.392362520928
867,98.55223756641885,98.22779587616904,3.9961599953355975,137.95627161926362,726.8797758011901
868,98.62780968264323,98.26113036004189,3.919048885463597,137.984946918596,725.3113150949295
869,98.70605203514063,98.29820716630012,4.062230138988863,138.014634724986,723.6916702964935
870,98.78675254474342,98.33891928117039,4.132252237761495,138.04525449893814,722.0256410640478
871,98.8696927913172,98.38315040701596,4.257188929868147,138.076723300815,720.3181203728692
872,98.95464855976434,98.43077525307832,4.325361631354797,138.10895599887857,718.5740781598869
873,99.04139040051253,98.48165984869784,3.965794324638795,138.14186548276234,716.7985451415109
874,99.12968420308763,98.53566187823033,3.774752599791036,138.17536288183345,714.9965968815045
875,99.21929178133723,98.59263103682257,3.95960484028507,138.2093577878932,713.1733381800004
876,99.30997146884185,98.6524094061575,4.096804886969036,138.2437584816535,711.3338878486138
877,99.40147872302596,98.71483184922988,3.854556320576303,138.2784721624185,709.4833639302324
878,99.49356673645869,98.77972642316561,3.858538600370782,138.31340518039298,707.6268694153644
879,99.58598705381605,98.84691480905315,4.121481083481156,138.3484632710333,705.769478500167
880,99.6784901929632,98.91621275771232,4.045834252752115,138.38355179085295,703.9162234244016
881,99.77082626860361,98.98743055028659,4.065044051644068,138.41857595409138,702.0720819207576
882,99.86274561693695,99.06037347250745,3.909776245432792,138.45344106965314,700.2419653002507
883,99.95399941976399,99.1348423014455,4.0184483915181115,138.488052777726,698.4307071918007
884,100.04434032647885,99.2106338035316,3.882789357091135,138.52231728548665,696.6430529478307
885,100.13352307239373,99.28754124260345,4.248828873171699,138.55614160130676,694.8836497215906
886,100.22130509185072,99.36535489670739,4.281029417709753,138.58943376687637,693.1570372162342
887,100.30744712458828,99.44386258236413,3.707960793429311,138.62210308666818,691.4676391003278
888,100.39171381384662,99.52285018498767,3.8945346855460126,138.65406035417237,689.8197550794869
889,100.4738742947173,99.60210219413182,3.784380338941389,138.68521807434243,688.2175536093695
890,100.55370277126616,99.68140224222634,3.956932705049901,138.71549068170052,686.6650652311594
891,100.63097908098737,99.76053364545643,4.0734942855056415,138.7447947535637,685.1661765071182
892,100.70548924517756,99.83927994543319,3.8034814338230554,138.77304921786538,683.7246245306262
893,100.77702600385446,99.91742545030164,3.912242480837304,138.80017555505844,682.3439919825522
894,100.84538933388289,99.9947557739334,3.89899351231497,138.82609799360458,681.0277027035617
895,100.91038694901351,100.07105837185675,4.144366859125916,138.85074369856792,679.7790177503311
896,100.97183478058382,100.146123072584,4.119859913383195,138.87404295285077,678.6010319023819
897,101.02955743768038,100.2197426030087,3.9646619360559057,138.8959293306265,677.4966705854395
898,101.08338864561206,100.29171310655897,4.147324411796798,138.91633986254496,676.4686871768397
899,101.13317166159808,100.36183465281223,4.005499203847848,138.93521519230558,675.5196606585787
900,101.17875966663215,100.42991173729723,4.063295359163976,138.95249972421644,674.6519935839615
901,101.22001613254301,100.49575377023439,4.455016322639317,138.96814176137767,673.8679103245872
902,101.25681516333418,100.5591755529927,4.391018408030771,138.98209363415287,673.1694555655621
903,101.28904180994942,100.61999774107242,3.86550365999845,138.9943118186151,672.5584930181482
904,101.31659235767741,100.67804729245617,4.293746422566539,139.00475704467846,672.0367043208463
905,101.3393745854772,100.73315790020793,4.2923387848068435,139.01339439365262,671.6055881018175
906,101.35730799657613,100.78517040823861,3.90253932898726,139.02019338498278,671.2664591777551
907,101.37032401976418,100.83393320919907,4.297946790328134,139.02512805196383,671.0204478666737
908,101.37836618088117,100.87930262350592,4.443637791246253,139.02817700624487,670.8684993947678
909,101.3813902440686,100.92114325855282,3.9132579123517828,139.0293234909677,670.8113733800834
910,101.37936432243266,100.95932834720946,3.955831898032735,139.02855542240957,670.8496433787739
911,101.37226895784237,100.9937400647622,4.344275636023951,139.02586542002962,670.9836964825806
912,101.36009716966264,101.02426982350391,4.19629412492879,139.02125082484568,671.2137329593551
913,101.34285447230125,101.05081854423703,4.253378815361623,139.01471370609718,671.5397659314935
914,101.32055886152534,101.07329690401106,4.212123016344552,139.00626085617728,671.9616210904428
915,101.29324076958159,101.09162555947528,4.222895832124115,138.99590377384692,672.478936448585
916,101.26094298923286,101.10573534528841,3.8800407234946084,138.98365863577166,673.09116213305
917,101.22372056690035,101.1155674470894,4.355201806654955,138.9695462564495,673.7975602292154
918,101.18164066517905,101.12107354859687,4.379882013978026,138.9535920366274,674.5972046847794
919,101.13478239506965,101.1222159524696,4.100132705237648,138.9358259003319,675.4889812884142
920,101.08323661834659,101.11896767462602,4.137182284696895,138.91628222066575,676.4715877399635
921,101.02710572055587,101.11131251178683,3.839342312472116,138.89499973455165,677.5435338320954
922,100.96650335521042,101.09924508207213,4.247919999568524,138.8720214466297,678.7031417659865
923,100.90155415982206,101.08277083855128,4.258805092723431,138.8473945225429,679.9485466262801
924,100.83239344447988,101.061906055712,4.131099944884331,138.82117017186894,681.2776970428994
925,100.75916685375374,101.03667778888214,4.367374461318269,138.7934035209852,682.688356069498
926,100.68203000276752,101.00712380670592,4.074476629878955,138.76415347617527,684.1781023102654
927,100.60114808835202,100.9732924968431,4.252826177549288,138.73348257731152,685.7443313284676
928,100.51669547624925,100.93524274512694,3.9344120848117816,138.7014568424709,687.3842573714717
929,100.42885526540024,100.89304378848306,4.131904365152957,138.6681456038636,689.0949154480505
930,100.33781883040486,100.84677504197654,4.099846925140471,138.63362133547574,690.8731637944469
931,100.24378534329769,100.79652590041997,4.177719146325407,138.59795947284874,692.7156867660004
932,100.14696127583532,100.74239551503791,4.056532830349883,138.56123822543645,694.6189981910247
933,100.04755988353854,100.6844925457463,4.101769675241265,138.5235383820013,696.5794452231403
934,99.94580067277973,100.62293488966574,4.2907497647645965,138.4849431095274,698.5932127272584
935,99.84190885224699,100.55784938654752,4.0355189774008045,138.44553774614542,700.6563282329982
936,99.73611477015628,100.48937150184824,3.7987488114280423,138.4054095885797,702.7646674874051
937,99.62865333861808,100.41764498824573,4.46704022535916,138.3646476746418,704.9139606363901
938,99.51976344659766,100.34282152644172,4.390346498322208,138.3233425613078,707.0997990614183
939,99.40968736293577,100.26506034614957,3.8524149351710086,138.28158609892898,709.3176428945591
940,99.29867013092235,100.18452782821396,4.245507202005811,138.23947120213418,711.562829231028
941,99.18695895593635,100.1013970888575,4.003562326532889,138.1970916179936,713.8305810540124
942,99.07480258768204,100.01584754709287,4.153347192497019,138.154541692019,716.1160168815973
943,98.96245069856627,99.92806447638233,4.155895469334374,138.1119161325833,718.4141611403084
944,98.85015325977004,99.83823854166464,4.0464862201449865,138.06930977434595,720.7199552640005
945,98.73815991657419,99.7465653229071,3.9328560451219126,138.02681734127538,723.0282695106416
946,98.62671936450029,99.6532448263732,3.947674827418049,137.98453320985976,725.3339154830803
947,98.51607872782641,99.55848098482763,3.8986593372816847,137.94255117309976,727.6316593330241
948,98.40648294203066,99.46248114792787,3.9115972854189542,137.90096420587395,729.9162356205597
949,98.29817414170658,99.3654555640761,4.060548020117249,137.8598642322667,732.1823617942297
950,98.19139105547991,99.26761685502642,3.926820293233933,137.8193418954428,734.4247532495388
951,98.08636840943925,99.16917948456081,4.202346772009518,137.77948633064844,736.6381389164496
952,97.98333634057191,99.07035922256173,4.359333959192217,137.74038494191092,738.8172773192335
953,97.88251982167067,98.97137260582082,3.9418156285646453,137.7021231830001,740.9569730450951
954,97.78413809914917,98.87243639693152,4.1016507923812675,137.6647843432064,743.0520935511885
955,97.68840414517109,98.77376704261815,4.149661470807931,137.62844933847637,745.0975862333013
956,97.5955241254623,98.67558013285516,4.140099239630917,137.59319650843597,747.0884956735302
957,97.50569688413644,98.57808986212859,4.05689273793049,137.5591014198163,749.0199809789299
958,97.41911344682143,98.48150849418633,4.186278331933584,137.52623667678108,750.887333118338
959,97.3359565433288,98.38604583161487,4.130277669632341,137.49467173863837,752.685992160614
960,97.25640015105917,98.29190869156855,3.782435771888851,137.46447274540117,754.4115643142911
961,97.18060906028471,98.19930038896156,4.200002528825279,137.43570235164037,756.0598386663235
962,97.10873846239568,98.1084202284144,4.199903396818339,137.40841956905558,757.6268035162526
963,97.04093356213956,98.01946300622484,3.8661407624195023,137.3826796181642,759.1086622016595
964,96.97732921482273,97.932618523608,4.0228249265574485,137.35853378948946,760.5018483115155
965,96.9180495893808,97.8480711124224,4.148436714171532,137.33602931460157,761.8030401856034
966,96.86320785816025,97.76599917456723,3.966543202241384,137.3152092473427,763.0091746010911
967,96.81290591418642,97.68657473620216,4.219745173737492,137.29611235553952,764.1174595510413
968,96.76723411662478,97.60996301790405,4.474782982657938,137.27877302348236,765.1253860246293
969,96.72627106507153,97.53632202183468,3.8417919963682254,137.26322116541954,766.0307387046375
970,96.69008340323782,97.46580213695161,3.7198889669842607,137.2494821502901,766.831605504699
971,96.65872565251807,97.39854576324882,4.054104095414177,137.23757673788825,767.5263858764891
972,96.63224007585866,97.3346869559663,4.135034666219847,137.2275210266228,768.1137978255947
973,96.61065657226703,97.27435109065803,3.9420751199480257,137.21932641300714,768.5928835841025
974,96.59399260222484,97.21765454995527,4.276575969212374,137.21299956298262,768.9630138978181
975,96.582253144192,97.16470443280834,3.716031721800492,137.20854239515046,769.2238908963832
976,96.57543068230959,97.11559828693343,4.120323254370593,137.20595207595446,769.3755495254189
977,96.57350522533315,97.0704238651334,3.858715214318691,137.2052210268274,769.4183575306977
978,96.57644435674857,97.02925890610133,4.322075196391614,137.20633694328285,769.3530139955852
979,96.58420331594533,96.992170940255,4.3751820791840785,137.20928282590324,769.1805464440381
980,96.59672511024444,96.95921712108745,3.8219965844079162,137.21403702314495,768.9023065323858
981,96.61394065750076,96.93044408245522,3.864236780198948,137.22057328584984,768.5199643637582
982,96.6357689589237,96.90588782216093,4.145058978104559,137.22886083332432,768.0355014692752
983,96.66211730168371,96.88557361212116,3.894882388139065,137.23886443081517,767.4512025098023
984,96.69288149079873,96.8695159353443,3.9625679097626687,137.250544478184,766.7696457610448
985,96.72794610972078,96.85771844987568,3.976244140553385,137.26385710955273,765.9936924531308
986,96.7671848089713,96.85017397980032,3.586922501932282,137.27875430366473,765.1264750431828
987,96.81046062210385,96.84686453332561,3.967953896647503,137.29518400467822,764.1713845059847
988,96.85762630820443,96.84776134789885,3.832812660451018,137.3130902530836,763.13205673333
989,96.90852472007344,96.85282496224673,3.8723412589721615,137.33241332640873,762.0123581372219
990,96.9629891971688,96.8620053151569,4.260068618615196,137.35308988935307,760.8163705555612
991,97.02084398232839,96.87524187075454,3.720583537845085,137.37505315296664,759.5483755613767
992,97.08190466122971,96.8924637699608,4.135232051917988,137.39823304246775,758.2128382780298
993,97.14597862348916,96.91359000775483,3.917664604251587,137.42255637327145,756.8143908031301
994,97.21286554424735,96.93852963579587,3.918527681368464,137.44794703478024,755.3578153432426
995,97.28235788503788,96.96718198989937,4.133728840796216,137.47432618146925,753.848027159749
996,97.35424141268668,96.99943694179831,4.044987173527509,137.50161243078028,752.2900574237394
997,97.42829573494555,97.03517517456058,4.09256478160089,137.5297220673219,750.6890360743057
998,97.50429485152097,97.07426848097394,4.173681939826504,137.558569252858,749.0501747704855
999,97.58200771912064,97.11658008415283,3.915518106813602,137.58806624155284,747.3787500221968
1000,97.66119882910577,97.16196497956557,3.8611932172606385,137.61812359992777,745.6800865800134
1001,97.7416287963052,97.2102702976272,3.7685909768911556,137.64865043097413,743.9595411576645
1002,97.8230549575192,97.26133568595154,3.822632657128222,137.67955460185667,742.2224865547003
1003,97.90523197821791,97.31499371030706,4.579733627184335,137.71074297463397,740.4742962400246
1004,97.9879124659169,97.37107027327455,4.241149797351614,137.74212163941482,738.7203294500509
1005,98.07084758869763,97.42938504955981,3.7243899137903482,137.77359614936498,736.9659168481021
1006,98.15378769732641,97.48975193687369,3.7325882380631072,137.80507175697468,735.2163467844917
1007,98.2364829494167,97.55197952125228,4.096004372715042,137.83645365099437,733.4768521896407
1008,98.3186839340753,97.6158715556542,4.111703693257415,137.86764719344663,731.7525981254754
1009,98.40014229547039,97.68122745063887,4.114707092539668,137.89855815612106,730.048670013572
1010,98.48061135376352,97.74784277589926,3.9566703951011304,137.92909295596309,728.3700625518424
1011,98.5598467218529,97.8155097713954,3.9853450486266313,137.9591588887698,726.7216693252863
1012,98.63760691638699,97.88401786681136,4.0788206373711375,137.98866436061095,725.1082731103567
1013,98.71365396152079,97.95315420803715,4.03325792378819,138.01751911640156,723.534536866894
1014,98.7877539839061,98.02270418935956,3.5750707972142353,138.0456344650576,722.0049954065034
1015,98.85967779742808,98.09245199003193,3.975830605476271,138.07292350067812,720.5240477215033
1016,98.92920147622732,98.16218111388154,3.854368138817081,138.09930131920612,719.0959499543831
1017,98.99610691457427,98.23167493060593,4.062540955936546,138.12468523003312,717.7248089840373
1018,99.06018237219746,98.30071721740522,4.627381206434296,138.14899496202528,716.414576601735
1019,99.1212230037018,98.3690926995966,4.106629133778322,138.17215286346374,715.1690442471453
1020,99.17903137075434,98.43658758885975,3.9731941539087705,138.19408409540665,713.9918382724768
1021,99.23341793575659,98.50299011776782,4.222982895223931,138.21471681799824,712.8864157010659
1022,99.28420153577005,98.56809106926801,4.1378293112818305,138.23398236926712,711.8560604455056
1023,99.33120983551015,98.63168429978819,4.127917954381685,138.25181543597589,710.9038799495801
1024,99.37427975827622,98.6935672546622,4.167806376084284,138.26815421610286,710.0328022179737
1025,99.41325789374076,98.75354147458542,4.460203913423911,138.2829405725592,709.2455731977504
1026,99.4480008815783,98.81141309183482,3.825090249700045,138.29612017776523,708.544754476106
1027,99.47837576997532,98.86699331501319,4.148273141277832,138.30764264873264,707.9327212597342
1028,99.50426034812502,98.92009890110585,3.8704478289490316,138.31746167232376,707.4116606023309
1029,99.52554345187582,98.97055261367001,4.168895186428919,138.3255351203818,706.9835698483587
1030,99.54212524176972,99.01818366601165,3.876008228009259,138.33182515445168,706.6502552629249
1031,99.55391745277554,99.06282814824198,3.978102591356904,138.33629831983706,706.4133308198028
1032,99.56084361509271,99.1043294371462,4.0042595240754135,138.33892562876377,706.2742171219437
1033,99.56283924547412,99.14253858784019,4.26000742597039,138.33968263244836,706.2341404314027
1034,99.55985200858915,99.17731470623593,4.249960791744156,138.3385494818955,706.2941317883666
1035,99.55184184802422,99.20852530138495,3.8184060620675067,138.33551097727778,706.4550262019013
1036,99.53878108659306,99.23604661681897,4.0796647334895475,138.33055660577634,706.7174618981456
1037,99.520654495706,99.25976394005956,3.9277343505926074,138.32368056779188,707.0818796148523
1038,99.49745933362509,99.27957188952335,3.818761465335391,138.31488179146106,707.5485219344964
1039,99.46920535250912,99.2953746781055,4.027706951717452,138.30416393544385,708.117432651564
1040,99.4359147742313,99.30708635278265,4.009893982772925,138.29153537997425,708.7884561730353
1041,99.39762223502963,99.31463100963656,4.557243168664204,138.2770092061964,709.5612369545787
1042,99.3543746991287,99.3179429837609,4.158627627406336,138.26060316383587,710.4352189783837
1043,99.30623134154862,99.31696701357654,3.796472147405791,138.24233962728408,711.4096452820652
1044,99.25326340039385,99.31165837914466,3.958823192710743,138.2222455402034,712.4835575514306
1045,99.19555399899153,99.3019830141319,4.275657962665288,138.20035234878546,713.655795793269
1046,99.13319793832348,99.28791759114787,4.4884931758110485,138.17669592382654,714.9249981075338
1047,99.06630146027088,99.26944958024146,3.7528507703423077,138.15131647180792,716.2896005814505
1048,98.99498198226338,99.24657728040995,3.6931247914689993,138.12425843519762,717.7478373310231
1049,98.91936780399584,99.21930982404211,4.442184737860083,138.09557038221635,719.2977407182542
1050,98.8395977869457,99.18766715428409,4.144617188799828,138.0653048863349,720.9371417749576
1051,98.75582100749224,99.15167997538477,3.891560332615503,138.0335183957978,722.663670866448
1052,98.66819638450443,99.11138967614474,4.170492793946421,138.00027109348957,724.4747586304633
1053,98.57689228232837,99.06684822666004,3.5345912294896866,137.965626747487,726.3676372285291
1054,98.4820860901669,99.01811804861894,4.060417941312809,137.9296525526612,728.339341948437
1055,98.38396377890214,98.96527185947588,4.123140380807128,137.89241896371735,730.3867131976467
1056,98.2827194364691,98.90839249089198,4.240098120034137,137.85399952008015,732.506398928209
1057,98.17855478294165,98.84757268189612,3.849971289499234,137.8144706630544,734.6948575340705
1058,98.07167866654271,98.78291484728334,4.067236941019289,137.77391154570853,736.9483612616175
1059,97.96230654183854,98.7145308218296,3.8622108384830964,137.73240383594867,739.2630001736375
1060,97.85065993142119,98.64254158096223,4.0954209559543155,137.69003151326675,741.6346867058747
1061,97.7369658724248,98.56707693858411,3.862180890009344,137.64688065966334,744.0591608537592
1062,97.62145634925918,98.48827522280703,3.956399116303044,137.6030392452604,746.5319960247139
1063,97.50436771397816,98.40628293040463,3.8354945211885445,137.55859690913334,749.048605588895
1064,97.38594009573224,98.3212543608486,4.161398677159524,137.513644735904,751.604250157847
1065,97.26641680078076,98.23335123084294,4.199257623795893,137.4682750286472,754.1940456169057
1066,97.14604370456371,98.14274227031967,3.9769283190916243,137.42258107867445,756.812971932768
1067,97.02506863735283,98.04960280090577,4.0276813138291425,137.3766569327658,759.4558827527673
1068,96.90374076501702,97.95411429791504,3.726400403287808,137.33059715842845,762.1175158070299
1069,96.7823099664503,97.85646393695964,3.952179691813988,137.28449660776676,764.7925041187059
1070,96.66102620921829,97.75684412631453,3.9979896857705475,137.23845018055223,767.4753880211143
1071,96.54013892498354,97.65545202620362,4.528032151280343,137.19255258708526,770.160627973843
1072,96.4198963862712,97.55248905620925,3.777258646149747,137.1468981114411,772.8426181626014
1073,96.30054508613257,97.4481603920362,4.2882100238239715,137.10158037569374,775.5157008601432
1074,96.18232912225702,97.34267445288793,4.190421407261567,137.0566921057084,778.1741815178262
1075,96.06548958707164,97.23624238073657,4.042813218508227,137.0123248990906,780.8123445493865
1076,95.9502639653535,97.12907751278799,4.334016274863334,136.96856899587664,783.4244697605096
1077,95.83688554085947,97.02139484846062,4.052298283308258,136.92551305254167,786.0048493697403
1078,95.72558281345715,96.91341051221033,4.05128167013421,136.88324391989607,788.5478055583055
1079,95.6165789282139,96.80534121354397,3.958394859151794,136.84184642543107,791.0477084786751
1080,95.51009111787043,96.69740370557118,4.209307328412144,136.80140316066368,793.4989946442768
1081,95.40633016009309,96.589814243448,4.1794762307435445,136.76199427402005,795.8961856156197
1082,95.30549985086101,96.48278804406576,3.8306588523074536,136.72369726978175,798.233906891649
1083,95.20779649530441,96.37653874833565,3.6875886497620085,136.68658681360571,800.5069069091139
1084,95.11340841726691,96.27127788741325,3.906526265904812,136.65073454511213,802.7100760475702
1085,95.02251548881766,96.16721435419694,3.7828480756425455,136.61620889801736,804.8384655331624
1086,94.93528868088879,96.06455388142126,3.925941794215201,136.58307492826944,806.8873061308492
1087,94.85188963616226,95.96349852764968,4.181991066570465,136.55139415062524,808.8520265121385
1088,94.7724702652726,95.86424617245159,3.838973762053157,136.52122438408597,810.7282711839267
1089,94.69717236733582,95.76699002202527,3.9178819146407213,136.49261960658606,812.511917863595
1090,94.62612727575214,95.6719181265025,3.9341531901482822,136.465629819307,814.1990941862837
1091,94.55945553016846,95.57921291014134,4.088433905756852,136.44030092096392,815.786193632136
1092,94.49726657542014,95.48905071558124,3.46567321254191,136.4166745923859,817.2698905644271
1093,94.43965848820467,95.40160136329986,3.790125596942235,136.3947881916875,818.6471542737403
1094,94.38671773217058,95.31702772737242,3.950254875278164,136.37467466029864,819.9152619287597
1095,94.33851894203329,95.23548532859417,4.144670689757733,136.35636244009567,821.071810340859
1096,94.29512473725806,95.15712194598282,3.803061510284055,136.3398754018454,822.1147264571275
1097,94.25658556577535,95.0820772476322,3.5230546259445457,136.32523278514654,823.0422765052328
1098,94.22293957811925,95.01048244183946,4.019372069308646,136.312449150023,823.8530737228011
1099,94.19421253230375,94.94245994937815,3.7655683801593782,136.30153434029324,824.5460846144246
1100,94.17041772967455,94.87812309773618,3.6520697151891115,136.29249345881044,825.1206336902092
1101,94.15155598189656,94.81757583808287,3.7626515314187534,136.28532685463696,825.5764066513572
1102,94.13761560915977,94.76091248567262,3.8482923403814078,136.28003012218653,825.9134520000748
1103,94.1285724696081,94.70821748433391,3.7620879839500483,136.27659411233608,826.1321810633028
1104,94.12439001991733,94.65956519563254,3.4399289616011206,136.2750049554794,826.2333664319805
1105,94.12501940687099,94.61501971323574,4.058629047620092,136.27524409646304,826.2181388297842
1106,94.13039958970519,94.57463470294152,4.132535031076347,136.27728834131497,826.0879824373343
1107,94.1404574929166,94.53845326877278,4.0063809822875855,136.28110991564623,825.8447287095134
1108,94.15510818915166,94.50650784547102,3.6472296875793484,136.28667653457524,825.4905487347895
1109,94.17425511171992,94.47882011765843,3.833333318034492,136.2939514839958,825.0279441960498
1110,94.19779029620021,94.45540096587024,3.8713671765547883,136.30289371298025,824.4597370023139
1111,94.22559465053597,94.43625043959238,3.99164514593567,136.31345793708047,823.7890576697552
1112,94.2575382529443,94.42135775737171,4.004943765795857,136.3255947522623,823.0193325385777
1113,94.29348067689467,94.41070133399862,3.7240039949382444,136.3392507591818,822.154269919333
1114,94.3332713423442,94.40424883469409,3.88697331350517,136.35436869748432,821.1978452683804
1115,94.37674989235254,94.40195725616563,3.961936328425839,136.37088758978408,820.1542854969529
1116,94.42374659413416,94.40377303432967,4.16171915883687,136.38874289495502,819.0280525221156
1117,94.47408276354624,94.40963217843105,4.011696227280618,136.40786667034251,817.8238261704308
1118,94.52757121195077,94.41946043122437,4.029009215155303,136.42818774248116,816.5464865465079
1119,94.58401671433425,94.43317345481685,3.8885254372333637,136.44963188588432,815.2010959789196
1120,94.64321649751457,94.45067704170833,4.154569587750743,136.47212200944915,813.7928806550415
1121,94.70496074721524,94.47186735050057,3.9552991205624233,136.49557835000402,812.3272120544941
1122,94.76903313273903,94.4966311656871,3.7021442957584574,136.51991867250558,810.8095882879248
1123,94.83521134793024,94.52484618087404,4.156192687440874,136.54505847637785,809.2456154440221
1124,94.90326766707283,94.55638130472394,4.016392288001487,136.57091120747003,807.6409890429685
1125,94.9729695143354,94.59109698885823,3.789626172317491,136.59738847509678,806.0014756891248
1126,95.04408004533958,94.62884557689834,3.7838840751729834,136.62440027361143,804.3328950096014
1127,95.11635873939801,94.66947167377332,3.940763447652859,136.65185520795308,802.6411019587931
1128,95.18956200094208,94.71281253437071,3.975862272962716,136.67966072259864,800.9319695618263
1129,95.26344376863555,94.75869847055945,3.9245650904191787,136.7077233333432,799.2113721624289
1130,95.33775613065234,94.8069532755672,3.9493468189868324,136.73594886132526,797.4851692330938
1131,95.41224994457978,94.85739466465158,4.229144656165991,136.76424266870973,795.7591897975364
1132,95.48667546039853,94.90983473096382,4.105611854416494,136.79250989543738,794.0392175076286
1133,95.56078294498188,94.96408041546533,3.931654415287084,136.82065569644718,792.3309764091123
1134,95.63432330655317,95.01993398972266,4.084079409732126,136.8485854787792,790.6401174227487
1135,95.7070487175411,95.07719355037419,3.691660154859834,136.8762051379653,788.9722055600297
1136,95.77871323427563,95.13565352403265,3.9801472044747004,136.90342129311796,787.3327078853762
1137,95.84907341197565,95.19510518136123,4.264860582382433,136.93014152013274,785.7269822298592
1138,95.91788891349152,95.25533715903876,3.8618596444421147,136.95627458242328,784.1602666550092
1139,95.98492311028065,95.31613598830891,3.7384347897968486,136.9817306586169,782.6376696591882
1140,96.04994367411409,95.37728662879267,3.7800509740618877,137.00642156664554,781.164161113473
1141,96.11272315803532,95.43857300622956,3.6950548857869348,137.03026098367766,779.7445639088849
1142,96.17303956511877,95.49977855280366,3.7585385390394093,137.05316466134693,778.3835462922707
1143,96.23067690360695,95.56068674870393,3.843886536978855,137.0750506357461,777.0856148641278
1144,96.28542572703819,95.62108166356512,3.6393509443704417,137.09583943166885,775.8551082082289
1145,96.33708365801539,95.68074849643598,3.926034355143796,137.11545426059567,774.696191119959
1146,96.38545589430609,95.73947411292515,4.10577387338726,137.13382121193735,773.6128493979476
1147,96.43035569600947,95.79704757818217,3.746127714676085,137.15086943706606,772.608885161747
1148,96.47160485257211,95.85326068438134,4.233840472787989,137.16653132568229,771.6879126569784
1149,96.5090341284855,95.90790847139002,4.03438266503251,137.18074267408514,770.8533545086435
1150,96.54248368655126,95.96078973932012,4.1405084964369365,137.19344284493457,770.1084383828859
1151,96.57180348765604,96.01170755168144,3.804913098848512,137.20457491811405,769.4561940177583
1152,96.59685366605676,96.06046972787938,4.109384304256378,137.21408583232497,768.8994505840527
1153,96.61750487923865,96.10688932382598,3.721995682197803,137.2219265170679,768.4408343382846
1154,96.63363863147094,96.15078509946306,4.120231689245288,137.22805201468745,768.0827665313624
1155,96.64514757025206,96.19198197202881,3.9782391288118877,137.23242159218404,767.8274615381256
1156,96.65193575490309,96.230311453935,4.056093013608292,137.23499884252018,767.6769251750977
1157,96.65391889663817,96.26561207416026,3.7117711739156003,137.2357517751741,767.6329531761346
1158,96.65102456951188,96.29772978210623,3.7691929526110344,137.23465289572042,767.6971297982892
1159,96.64319239171617,96.32651833290706,4.068832895299867,137.23167927424493,767.8708265331504
1160,96.6303741767741,96.3518396532293,3.760755824937562,137.22681260242652,768.1552009019625
1161,96.61253405425177,96.37356418664784,4.043957390072386,137.22003923914704,768.5511953162027
1162,96.58964855968748,96.39157121773448,3.678626858635065,137.21135024451962,769.0595359886713
1163,96.56170669351285,96.40574917404935,4.122270558669357,137.2007414022508,769.6807318838505
1164,96.52870994881883,96.41599590528014,3.706551169162784,137.1882132302837,770.4150736999078
1165,96.49067230789714,96.42221893883156,4.063770964027999,137.1737709796951,771.2626328785639
1166,96.4476202075658,96.42433571122608,4.07852395088947,137.1574246218491,772.2232606429236
1167,96.39959247336536,96.42227377473769,3.8139588610783304,137.13918882383885,773.2965870671875
1168,96.34664022279046,96.41597097874208,4.069460123545371,137.119082912275,774.482020186155
1169,96.28882673779833,96.4053756253301,4.004708853305245,137.09713082550894,775.7787451562499
1170,96.22622730691329,96.39044659879536,3.8442399393120628,137.0733610544065,777.1857234836438
1171,96.15892903732131,96.37115346867253,3.7495063554003325,137.0478065718156,778.7016923388693
1172,96.08703063742504,96.34747656606858,3.557721400874296,137.0205047508994,780.325163980908
1173,96.01064217040211,96.31940703309637,4.01902569781689,136.9914972725323,782.0544253173457
1174,95.92988477938306,96.28694684528692,3.6348042663843527,136.96083002198515,783.8875376304871
1175,95.84489038493584,96.25010880692433,3.9653233009721593,136.92855297514944,785.8223365025858
1176,95.75580135561279,96.20891651931504,3.891875934075467,136.8947200745786,787.8564319762052
1177,95.66277015238364,96.16340432207076,4.078528132292541,136.8593890956472,789.9872089885035
1178,95.56595894784344,96.11361720755181,3.8802492056116513,136.82262150315506,792.2118281205802
1179,95.4655392211469,96.05961070868473,3.8725544817866555,136.78448229872603,794.5272267050918
1180,95.36169132968179,96.00145076043448,4.082433622035473,136.74503985937392,796.9301203370823
1181,95.25460405855199,95.9392135352776,4.000519360763206,136.70436576763007,799.4170048342041
1182,95.1444741489962,95.87298525308748,3.9940235868131424,136.6625346336493,801.9841586934257
1183,95.0315058069208,95.80286196590693,4.021770858563889,136.61962390972883,804.6276460916725
1184,94.91591019277607,95.72894931814602,3.6177724974025662,136.57571369769667,807.3433204776915
1185,94.79790489404937,95.65136228280463,4.073063589592387,136.5308865496409,810.1268288018754
1186,94.67771338169544,95.57022487437887,4.040872978652254,136.485227262472,812.973616429382
1187,94.55556445186119,95.48566983916906,3.7115758376906323,136.43882266682212,815.8789327802317
1188,94.43169165430098,95.3978383237634,3.862495276539459,136.3917614108034,818.8378377375059
1189,94.30633270891093,95.30687952252569,3.8997206028980274,136.34413373915868,821.8452088617468
1190,94.17972891184051,95.21295030496859,3.876831605623366,136.29603126835045,824.8957494459409
1191,94.05212453266601,95.11621482394337,3.966536801095385,136.24754675814586,827.9839974411183
1192,93.92376620413259,95.01684410562581,4.181963964696895,136.19877388026347,831.1043352775481
1193,93.79490230598992,94.91501562232281,4.107868986049802,136.14980698465646,834.2510006009785
1194,93.66578234446213,94.81091284916775,3.624803588129597,136.10074086401406,837.4180979369937
1195,93.53665632890245,94.7047248058123,4.007307715099514,136.05167051706715,840.599611289838
1196,93.40777414719098,94.59664558426053,4.144249132861764,136.00269091128874,843.7894176746286
1197,93.27938494143646,94.48687386402518,3.9513235325628733,135.9538967455823,846.9813015740227
1198,93.15173648554287,94.37561241581832,4.087596194085744,135.90538221355152,850.1689703020859
1199,93.02507456619615,94.26306759501648,4.267239860535828,135.85724076794426,853.3460702494583
1200,92.89964236881858,94.14944882616666,4.064869311094229,135.80956488686266,856.5062039748907
1201,92.77567987002547,94.03496807982157,3.9052954104010302,135.76244584232583,859.6429480991267
1202,92.65342323810282,93.91983934301167,4.059731107880429,135.7159734717683,862.7498719477318
1203,92.53310424300417,93.80427808467772,3.874952968091165,135.67023595304943,865.820556880319
1204,92.41494967734184,93.68850071739973,3.8460091380703805,135.62531958354228,868.8486162342635
1205,92.29918078981905,93.57272405676801,3.7661988391847423,135.58130856385924,871.8277158022579
1206,92.18601273251986,93.45716477974733,4.144426427736062,135.53828478676243,874.7515947542724
1207,92.07565402343779,93.3420388833882,3.663337861030516,135.49632763179324,877.6140869064747
1208,91.9683060255868,93.22756114523808,4.1288035518903845,135.45551376614188,880.409142232029
1209,91.86416244399655,93.1139445868013,3.917644552806928,135.41591695226342,883.1308485019264
1210,91.76340884184911,93.00139994138861,3.533196162636545,135.37760786272844,885.7734529379253
1211,91.66622217696664,92.89013512768678,3.8820253988334423,135.3406539027805,888.3313837546722
1212,91.57277035980846,92.78035473036358,3.3839892424145823,135.30511904105228,890.7992714639616
1213,91.48321183408237,92.67225948900682,3.9246642424154867,135.27106364887246,893.1719698112985
1214,91.39769518101852,92.56604579667446,3.972254174261451,135.23854434857324,895.4445762131019
1215,91.31635874829466,92.46190520930948,3.672466922451278,135.20761387118702,897.6124515626523
1216,91.23933030454069,92.36002396724541,3.8114705218481784,135.17832092389582,899.671239273591
1217,91.16672672028571,92.26058252999877,4.173515370480007,135.1507100675728,901.6168834322472
1218,91.09865367614525,92.16375512551097,3.677564619293563,135.1248216047301,903.4456459335611
1219,91.03520539897782,92.06970931496654,3.563076564502308,135.10069147816003,905.154122480435
1220,90.97646442667062,91.97860557427522,4.067455509037804,135.0783511805301,906.7392573326636
1221,90.922501402142,91.89059689326412,4.1600319107299875,135.05782767516357,908.1983566992075
1222,90.87337489707562,91.80582839358175,3.7647780985064214,135.03914332820966,909.5291006763708
1223,90.82913126582699,91.72443696626885,3.9629945226986942,135.02231585237752,910.7295536444725
1224,90.78980452986748,91.64655092990208,4.0258037712321615,135.0073582623786,911.7981730464894
1225,90.75541629305464,91.5722897101648,3.6059670316090804,134.99427884219267,912.7338164841085
1226,90.72597568794053,91.50176354164611,3.654511138133917,134.98308112424127,913.53574707919
1227,90.7014793532524,91.4350731926133,3.9950129035280924,134.97376388052245,914.2036370619821
1228,90.6819114426019,91.37230971344569,4.083267553992975,134.96632112573056,914.7375695610281
1229,90.66724366440113,91.31355420935864,3.8564318946185754,134.96074213235173,915.1380385837728
1230,90.65743535288561,91.25887763798589,3.5656511124570107,134.95701145769826,915.4059471909344
1231,90.65243357006696,91.20834063232599,4.136954188265253,134.95510898281117,915.5426038817434
1232,90.65217323835992,91.16199334949548,3.6314475477669217,134.95500996313183,915.5497172209432
1233,90.6565773035529,91.11987534566693,3.668887332938054,134.95668509081278,915.4293887518285
1234,90.66555692771409,91.08201547750419,3.802830201475596,134.96010056850702,915.1841042524514
1235,90.67901171155151,91.04843183034146,4.043817789186955,134.96521819444786,914.8167234041533
1236,90.69682994567053,91.01913167328554,3.902579593915152,134.97199545859974,914.3304679529514
1237,90.7188888901017,90.99411144135355,3.8137316691678778,134.98038564963446,913.7289084543819
1238,90.74505508139949,90.97335674469072,3.822565332555941,134.99033797245866,913.0159497018017
1239,90.77518466654465,90.95684240484522,3.737933472327347,135.00179767599124,912.1958149458944
1240,90.80912376281579,90.94453251800944,3.840353736142088,135.01470619086385,911.2730290200798
1241,90.84670884273021,90.9363805450695,3.222479586808989,135.0290012766929,910.2524004917806
1242,90.88776714309228,90.93232942823806,3.6689040147438012,135.0446171785459,909.1390029637196
1243,90.93211709712672,90.93231173397878,3.7764891680764863,135.06148479220357,907.9381556520609
1244,90.97956878861685,90.93624982186529,3.4981834259725755,135.07953183779554,906.655403369689
1245,91.02992442691225,90.94405603895254,3.8059709611593666,135.0986830413676,905.2964960429845
1246,91.08297884161941,90.95563293917478,3.6882867063089417,135.11886032391834,903.8673678892168
1247,91.13851999573788,90.9708735272217,4.080900954279188,135.1399829974242,902.374116379387
1248,91.19632951596016,90.98966152628324,4.045180067620584,135.16196796735537,900.8229811077324
1249,91.25618323880938,91.01187166899375,3.638325624605111,135.18472994116843,899.2203226845983
1250,91.31785177125002,91.03737001084843,3.7023646281314466,135.20818164224792,897.5726017637849
1251,91.38110106437004,91.06601426530857,3.718917071755973,135.23223402875496,895.8863583092028
1252,91.44569299870112,91.09765415975795,3.6446719253181517,135.2567965168296,894.1681911984796
1253,91.51138597971321,91.13213181142089,3.775422401073882,135.28177720758447,892.4247382535082
1254,91.57793554199583,91.16928212230214,3.58628415323687,135.307083117316,890.6626567796926
1255,91.64509496061515,91.20893319216155,3.513443193891119,135.33262041035508,888.8886046870751
1256,91.71261586811961,91.25090674849139,3.8658294214682005,135.35829463397087,887.1092222576672
1257,91.780248875651,91.29501859242136,3.869001679133638,135.38401095473836,885.3311146143423
1258,91.84774419660931,91.34107905943702,3.5841210895049196,135.409674395777,883.5608349376383
1259,91.91485227131213,91.38889349375995,3.926015719396678,135.43519007426661,881.8048684677966
1260,91.98132439108726,91.43826273520389,3.6226532263102933,135.46046343864697,880.0696173206896
1261,92.04691332023876,91.48898361729013,3.801681375916492,135.4854005049084,878.3613861376165
1262,92.11137391433185,91.54084947537694,3.917243631012946,135.50990809138503,876.6863685809029
1263,92.17446373325106,91.59365066353313,3.7486171642641155,135.53389405146592,875.0506346792477
1264,92.23594364749964,91.64717507886367,3.848482360661637,135.55726750364582,873.4601190195959
1265,92.29557843622445,91.70120869197707,3.6564636275935456,135.57993905834442,871.9206097753655
1266,92.35313737547185,91.7555360822683,3.7226836626873814,135.60182104093204,870.4377385546072
1267,92.40839481520406,91.80994097667963,3.723035693867797,135.62282771040955,869.0169710460381
1268,92.46113074363392,91.86420679059249,3.6171168091062444,135.64287547320234,867.6635984356834
1269,92.51113133746725,91.91811716949871,3.7332879713262908,135.66188309154006,866.3827295625401
1270,92.55818949667795,91.97145653009699,3.4611060579612274,135.679771885909,865.179283777718
1271,92.60210536247858,92.02401059946212,3.674753685149526,135.6964659310782,864.0579844684148
1272,92.64268681719221,92.07556695093962,3.71812314631459,135.71189224521734,863.0233532054192
1273,92.67974996477598,92.12591553542597,3.7259265864533893,135.72598097164183,862.0797044709294
1274,92.7131195907953,92.17484920670675,3.730869328300821,135.7386655527397,861.2311409220983
1275,92.74262960069896,92.22216423953944,3.7687558938490917,135.74988289565283,860.481549144922
1276,92.76812343529987,92.26766083918614,3.8788623980238444,135.75957352930868,859.8345958528271
1277,92.78945446242246,92.3111436411225,3.9596603041125267,135.76768175241625,859.2937244846865
1278,92.80648634373863,92.35242219967384,3.6564962648169743,135.77415577206696,858.8621521576564
1279,92.81909337587453,92.39131146435723,3.547403598960818,135.77894783259993,858.5428669316299
1280,92.82716080493611,92.42763224273881,3.5811240395036705,135.78201433441885,858.3386253436626
1281,92.83058511366706,92.4612116486495,3.693469093355644,135.78331594246998,858.2519501729287
1282,92.82927428052137,92.49188353463882,3.72178296135689,135.78281768411705,858.2851283991905
1283,92.82314801000327,92.51948890758585,3.6392998319715284,135.78048903617494,858.4402093205562
1284,92.8121379336983,92.54387632642856,3.5350755965335923,135.77630400089046,858.7190027995017
1285,92.79618778149354,92.56490228101731,3.703936828026872,135.77024117068467,859.123077609451
1286,92.77525352255876,92.58243155114576,3.832165017619771,135.76228378150003,859.6537598579056
1287,92.74930347573606,92.59633754486161,3.915455732506439,135.75241975462214,860.3121314659666
1288,92.7183183890624,92.60650261521168,3.6853819966020147,135.74064172687454,861.0990286881637
1289,92.68229148822589,92.61281835462952,3.7145259881111237,135.7269470691127,862.0150406606651
1290,92.64122849383487,92.61518586622996,3.6118829587459667,135.71133789297258,863.060507970352
1291,92.59514760745684,92.61351601133221,3.7908663223896655,135.69382104585654,864.2355212416386
1292,92.54407946646153,92.60772963259299,3.62723118809815,135.67440809416917,865.5399197424233
1293,92.4880670677818,92.59775775219205,3.9111336304881146,135.65311529484242,866.9732900151382
1294,92.42716566078215,92.58354174457456,3.438751913140735,135.6299635552205,868.5349645434243
1295,92.36144260950323,92.56503348331862,3.723240438325571,135.60497838139966,870.2240204694715
1296,92.29097722462603,92.5421954617609,3.8544514817705453,135.57818981514944,872.0392783816126
1297,92.2158605655766,92.51500088707887,3.8298819396347348,135.54963235956797,873.9793011961178
1298,92.136195213265,92.48343374759438,4.330427516447469,135.5193448936516,876.0423931615012
1299,92.05209501402717,92.44748885313044,3.8603070478919297,135.487370575986,878.2265990177425
1300,91.96368479540949,92.40717184832036,3.587883126412733,135.45375673779353,880.5297033468045
1301,91.87110005450648,92.36249919883588,3.767769617734457,135.41855476559604,882.9492301546027
1302,91.77448661963044,92.31349815056876,3.4296041574800293,135.38181997377953,885.4824427279929
1303,91.67400028615917,92.26020666186797,3.7665485232772347,135.34361146737064,888.1263438135686
1304,91.56980642747118,92.20267330900157,3.613698394268913,135.3039919953593,890.8776761678396
1305,91.46207958194165,92.14095716507991,3.960857298880309,135.2630277949263,893.7329235308366
1306,91.35100301703095,92.0751276527425,3.6651721788433353,135.22078842695564,896.6883120771449
1307,91.23676827155538,92.0052643709769,3.7488626560510037,135.17734660323418,899.7398123999124
1308,91.1195746772843,91.93145689650252,3.642078164475723,135.13277800576196,902.8831420844019
1309,90.99962886105929,91.8538045602156,4.113776257339506,135.08716109861567,906.1137689280486
1310,90.87714422867974,91.77241619925427,3.698420510945843,135.0405769328274,909.4269148638797
1311,90.75234043184528,91.68740988530352,4.125695213993285,134.99310894475784,912.8175606432734
1312,90.62544281948664,91.59891262981878,3.918385770246224,134.9448427484603,916.2804513326554
1313,90.49668187485736,91.50706006690532,3.848202808210196,134.89586592254724,919.810102676434
1314,90.36629263979223,91.4119961146459,3.821638470163986,134.84626779208463,923.4008083756365
1315,90.23451412757241,91.31387261572311,3.822628236887898,134.79613920605343,927.0466483279588
1316,90.10158872586422,91.21284895823487,3.354192291418508,134.7455723109286,930.7414978705822
1317,89.96776159122416,91.10909167765064,3.679696079953525,134.69466032093692,934.4790380617617
1318,89.83328003668363,91.00277404090339,3.9001453299139035,134.64349728556294,938.2527670313688
1319,89.69839291394378,90.89407561365675,3.7168776634651057,134.5921778548815,942.0560124236285
1320,89.56334999172502,90.78318181182911,3.4410724849242786,134.5407970433004,945.8819449479931
1321,89.42840133182487,90.67028343849542,3.707000730862818,134.48944999230187,949.7235930457656
1322,89.29379666444348,90.55557620732442,4.0535997277514,134.4382317327756,953.5738586713533
1323,89.15978476433864,90.43926025374228,3.957388013510377,134.38723694753634,957.425534177526
1324,89.02661282936891,90.3215396350445,3.690782323163618,134.33655973462174,961.2713202841815
1325,88.89452586297892,90.2026218207057,3.8885973500605515,134.28629337196273,965.1038450996323
1326,88.76376606216974,90.08271717416103,3.620090000066992,134.2365300840179,968.9156841527525
1327,88.63457221248419,89.96203842735463,3.347669258156196,134.18736081095818,972.6993813833482
1328,88.50717909151979,89.84080014936839,3.498579608498193,134.13887498098353,976.4474710269368
1329,88.38181688245935,89.7192182104593,3.991065700330471,134.09116028634466,980.1525003191222
1330,88.25871059908593,89.59750924284485,3.618699262590778,134.04430246363634,983.8070529336852
1331,88.13807952371886,89.47589009958435,3.619834698207955,133.99838507891707,987.4037730578979
1332,88.02013665947577,89.35457731290863,3.603570030574278,133.95348931819925,990.9353899982385
1333,87.90508819822993,89.23378655335208,4.039412566602037,133.90969378384094,994.3947432000742
1334,87.79313300559213,89.11373209103874,3.978854798805001,133.8670742973559,997.774807555762
1335,87.68446212420517,88.99462626046927,4.092535723368867,133.82570370914294,1001.0687188676712
1336,87.57925829659189,88.87667893014616,3.6121347940559825,133.78565171561866,1004.2697993253481
1337,87.47769550874942,88.7600969783631,3.698288873862306,133.74698468421917,1007.3715828501853
1338,87.37993855563086,88.64508377646874,3.33111992495106,133.70976548671752,1010.3678401561987
1339,87.28614262959977,88.53183868089633,3.9251922711404044,133.67405334128128,1013.2526033721125
1340,87.19645293288677,88.42055653522887,3.3916869076907967,133.6399036636747,1016.0201900681338
1341,87.1110043150166,88.31142718354451,3.664123627277851,133.60736792798542,1018.6652265304043
1342,87.02992093611168,88.20463499625843,3.396929529320027,133.5764935372326,1021.1826701273387
1343,86.95331595691434,88.10035840964643,3.4943413294477645,133.54732370418742,1023.5678306149655
1344,86.88129125630174,87.99876948020105,3.4404970624783027,133.51989734271197,1025.8163902328401
1345,86.8139371770002,87.90003345493432,3.4823263195171434,133.49424896989504,1027.9244224482852
1346,86.75133230013412,87.80430835870096,3.492152102076944,133.47040861923617,1029.8884092144096
1347,86.69354324917325,87.71174459957365,3.486527769597504,133.44840176510107,1031.7052566165967
1348,86.64062452376803,87.62248459325652,3.7591886506795786,133.42824925864235,1033.3723087928927
1349,86.59261836388866,87.53666240747586,3.3680306000940066,133.40996727535077,1034.8873600257346
1350,86.54955464460733,87.45440342723681,3.6297388259194827,133.39356727437172,1036.2486649156958
1351,86.5114508017865,87.37582404178262,3.8260006161741993,133.37905596969205,1037.4549465622295
1352,86.47831178885912,87.301031354039,3.47670301261292,133.3664353132709,1038.5054026915989
1353,86.45013006480889,87.23012291326982,3.4328512612945423,133.3557024901594,1039.3997096879991
1354,86.4268856133802,87.16318647161235,3.5275857203000562,133.34684992562055,1040.1380245003822
1355,86.40854599347027,87.10029976510052,3.8070573320412633,133.33986530423223,1040.720984414068
1356,86.39506642057714,87.04153031972356,3.6075242692993377,133.33473160092427,1041.1497046931734
1357,86.38638987910011,86.98693528300494,3.4602214876816833,133.33142712386984,1041.4257741164156
1358,86.38244726521185,86.93656128152219,3.6611743427800176,133.32992556912106,1041.5512484454055
1359,86.38315755994519,86.8904443047241,3.3420497865264034,133.33019608684936,1041.5286418802325
1360,86.38842803206177,86.84860961533558,3.697064896317348,133.33220335901981,1041.3609165723562
1361,86.39815447019575,86.81107168657392,3.6409754006898845,133.33590768830092,1041.0514702791147
1362,86.41222144369203,86.77783416633376,3.4963295065919078,133.34126509798153,1040.6041222572514
1363,86.4305025914873,86.74888986842988,3.388987324916179,133.34822744263894,1040.0230975049096
1364,86.45286093831163,86.72422079092003,3.37835686797103,133.35674252927515,1039.3130094722287
1365,86.47914923742057,86.70379816146175,3.661819191889114,133.36675424861028,1038.4788413698334
1366,86.50921033900059,86.68758250958999,3.7999869833910016,133.37820271619827,1037.5259262123075
1367,86.54287758332775,86.6755237657348,3.4262349249893678,133.39102442300373,1036.4599257397708
1368,86.57997521769605,86.66756138673156,3.6450473575662907,133.4051523950549,1035.2868083654218
1369,86.62031883607435,86.66362450751012,3.1358032010875014,133.4205163617665,1034.0128262995365
1370,86.66371584039196,86.6636321185836,3.436285370730488,133.43704293250187,1032.6444920020815
1371,86.70996592230058,86.66749326889335,3.547155437450447,133.454655780926,1031.1885541155884
1372,86.75886156420832,86.67510729350293,3.3717427156372533,133.4732758366793,1029.6519730284003
1373,86.810188558333,86.6863640655721,3.3668396517305372,133.49282148388573,1028.0418962150995
1374,86.86372654247833,86.70114427198097,3.4211910038574427,133.51320876599092,1026.3656334965417
1375,86.9192495511928,86.71931971191529,3.6139306538538016,133.53435159641086,1024.630632356134
1376,86.97652658093418,86.74075361766687,3.518905094643067,133.55616197445767,1022.84445344221
1377,87.03532216782705,86.76530099684689,3.109731094205728,133.57855020599635,1021.0147463785066
1378,87.09539697656892,86.79280899515706,3.1343651382744264,133.60142512827468,1019.1492259961998
1379,87.15650839901357,86.82311727881176,3.4383747728598477,133.62469433835972,1017.2556490914901
1380,87.21841116093474,86.85605843565534,3.6526357130725797,133.6482644246041,1015.3417918029737
1381,87.28085793545404,86.8914583939719,3.013048825607801,133.67204120056095,1013.4154276926263
1382,87.34359996159986,86.9291368579409,3.464148575945251,133.69592994075902,1011.4843066036917
1383,87.40638766645084,86.96890775865006,3.4604756468011684,133.71983561774613,1009.5561343580852
1384,87.46897128930928,87.01057971953833,3.845101324142761,133.74366313980758,1007.6385533450994
1385,87.5311015063441,87.05395653510547,3.4922078555967517,133.7673175887642,1005.7391240427397
1386,87.59253005414213,87.09883766169186,3.647650141077552,133.7907044572561,1003.8653075024655
1387,87.65301035060925,87.14501871910164,3.60119719550066,133.81372988492012,1002.024448818202
1388,87.71229811166931,87.19229200181562,3.148770676113,133.83630089287195,1000.2237615907562
1389,87.77015196221973,87.24044699851596,3.730499770265502,133.8583256159109,998.4703133896562
1390,87.8263340398161,87.28927091862431,3.6219394087548547,133.87971353186842,996.7710122058991
1391,87.88061058957759,87.33854922453709,3.6825342461409387,133.9003756875334,995.1325938810644
1392,87.93275254882568,87.38806616822781,4.368158254184606,133.92022492059309,993.5616104910606
1393,87.98253611999506,87.43760533087507,3.1681192306661607,133.93917607704103,992.064419656137
1394,88.02974333038507,87.48695016416757,3.931904286683092,133.9571462235149,990.6471747429947
1395,88.07416257735197,87.53588453193294,3.5314817619291796,133.9740548540402,989.3158159196795
1396,88.11558915757978,87.58419325073685,3.648417704160813,133.98982409067,988.0760620196826
1397,88.15382577910675,87.631662628101,3.5837957186918925,134.00437887752756,986.9334031680012
1398,88.18868305482735,87.67808099699486,3.509954054197181,134.0176471677741,985.8930941190798
1399,88.2199799762369,87.72323924526503,3.482686223408115,134.02956010304297,984.9601482544708
1400,88.24754436623387,87.7669313386791,3.6643459320004452,134.0400521849,984.1393321865589
1401,88.27121330984893,87.80895483627658,3.2967324089530043,134.04906143790987,983.4351609139889
1402,88.29083356182352,87.84911139673883,3.7519294007706456,134.05652956390983,982.851893474357
1403,88.30626193001953,87.88720727451222,3.5201366172779505,134.06240208711247,982.3935290402092
1404,88.31736563370171,87.92305380444468,3.37883133817416,134.0666284896841,982.0638034054882
1405,88.32402263579725,87.95646787372405,3.5162126112235232,134.0691623374673,981.8661858112791
1406,88.32612194830196,87.98727237993887,3.8589080109500085,134.06996139554073,981.8038760618298
1407,88.32356391006995,88.01529667411646,3.5015601462355304,134.06898773333506,981.8798018844125
1408,88.3162604362922,88.0403769876311,3.6813461801347995,134.0662078190483,982.0966164897212
1409,88.30413523904065,88.06235684191523,3.46436537537543,134.0615926031311,982.4566962929516
1410,88.28712401832647,88.0810874399495,3.7629089550226533,134.0551175906386,982.9621387595129
1411,88.26517462319492,88.09642803855328,3.7490550973387253,134.04676290227283,983.6147603434555
1412,88.23824718245439,88.10824630054505,3.9821598649816297,134.03651332396686,984.4160944911657
1413,88.2063142047123,88.11641862589232,3.5776603745617424,134.02435834489043,985.3673896875856
1414,88.16936064746874,88.12083046102369,3.7466850098535525,134.01029218378443,986.4696075269964
1415,88.12738395509405,88.12137658552955,3.6325899479145005,133.99431380355952,987.7234207957
1416,88.0803940655965,88.11796137553513,3.8720107727695434,133.9764269141242,989.1292115589348
1417,88.02841338616214,88.11049904308739,3.468763983244837,133.95663996343404,990.6870692499355
1418,87.97147673752887,88.09891385095752,3.7610565304647143,133.93496611678412,992.396788764316
1419,87.90963126733298,88.08314030232214,3.5724692931718716,133.91142322439472,994.2578685685703
1420,87.8429363326454,88.06312330484907,3.5977504200771127,133.88603377736828,996.2695088368692
1421,87.77146335199072,88.03881830877754,3.6279420475495536,133.85882485212417,998.4306096359333
1422,87.69529562721934,88.01019141864768,3.6588659274498903,133.8298280434465,1000.7397691830774
1423,87.61452813567746,87.97721947840016,3.583820189990015,133.79907938630654,1003.1952822079147
1424,87.52926729319495,87.93989012963306,3.648478131949061,133.76661926665037,1005.7951384533441
1425,87.4396306884828,87.89820184287053,3.9194498870701286,133.73249232136706,1008.5370213565053
1426,87.34574678960495,87.85216392176507,3.7990286579154118,133.6967473276823,1011.4183069550943
1427,87.24775462325704,87.80179648022273,3.773704574188512,133.65943708224484,1014.436063069008
1428,87.14580342765495,87.74713039250875,3.5065244408880845,133.62061827020116,1017.5870488114283
1429,87.04005227989941,87.68820721645797,3.4173683302291122,133.5803513245768,1020.8677144873176
1430,86.93066969874928,87.62507908998225,3.783688354336823,133.5387002763079,1024.2742019406487
1431,86.81783322379562,87.55780860113336,3.7650795111524267,133.4957325952883,1027.8023454146723
1432,86.70172897208852,87.4864686320463,3.8814793490640946,133.45151902282157,1031.4476729918883
1433,86.58255117332519,87.41114217715287,3.463060704069422,133.40613339588708,1035.2054086822227
1434,86.46050168476063,87.33192213612018,3.534699076508858,133.35965246365123,1039.0704752290846
1435,86.33578948705382,87.24891108203133,3.2493085218581976,133.31215569667336,1043.0374977034712
1436,86.20863016230913,87.1622210053878,3.495156840008726,133.2637250892751,1047.1008079560966
1437,86.07924535561794,87.07197303457365,3.769264996533409,133.21444495555883,1051.2544499963678
1438,85.94786222144613,86.97829713347969,3.4728111066270277,133.16440171957757,1055.4921863653296
1439,85.81471285625096,86.88133177704395,3.690230561898967,133.11368370017337,1059.8075055668453
1440,85.68003371874629,86.78122360551914,3.5199295466267224,133.0623808910155,1064.1936306176826
1441,85.54406503926403,86.67812705833121,3.618614615035892,133.0105847363818,1068.6435287726704
1442,85.40705021968914,86.57220398844437,3.3199220855630855,132.95838790323867,1073.149922475454
1443,85.26923522546758,86.46362325819631,3.562050443512829,132.90588405018417,1077.705301579105
1444,85.13086797120661,86.35256031761384,2.942227778842023,132.85316759382826,1082.3019368732234
1445,84.99219770140361,86.23919676626298,3.498427835784385,132.80033347319048,1086.9318949460305
1446,84.85347436785118,86.12371989972866,3.204977867145847,132.7474769127022,1091.58705440057
1447,84.71494800527425,86.00632224185746,3.7674581152255193,132.69469318440412,1096.2591234341262
1448,84.57686810676054,85.88720106393272,3.676856714174144,132.6420773699325,1100.9396587789956
1449,84.43948300054451,85.76655789198371,3.6097630699645484,132.58972412289,1105.6200859912365
1450,84.30303922970344,85.64459800346036,3.815629763573751,132.53772743219568,1110.2917210615965
1451,84.16778093631554,85.52152991453163,3.316599422330829,132.486180387008,1114.9457933102092
1452,84.03394925161938,85.39756485928893,3.850772798813958,132.43517494381135,1119.5734695132412
1453,83.90178169369929,85.27291626215646,3.682627879600492,132.38480169625146,1124.165879196367
1454,83.77151157420172,85.1477992048269,3.4437487099541135,132.3351496483004,1128.714141016094
1455,83.64336741556579,85.02242988905513,3.7130436548878496,132.28630599132202,1133.2093901365847
1456,83.51757238022456,84.89702509665258,3.2595193264804294,132.23835588560263,1137.642806495928
1457,83.39434371320367,84.77180164803184,3.3107410352637707,132.1913822468976,1142.0056438429579
1458,83.27389219951071,84.64697586065508,3.348808065638918,132.14546553853606,1146.2892594130215
1459,83.15642163767122,84.52276300873976,3.359637741745527,132.10068356961017,1150.485144099377
1460,83.04212833072772,84.39937678557209,3.249062919656405,132.05711129976132,1154.5849529659383
1461,82.9312005959735,84.2770287697722,3.6999747929797255,132.0148206510596,1158.5805359373005
1462,82.8238182946469,84.1559278968451,3.398622163696683,131.9738803274556,1162.4639684933486
1463,82.72015238276153,84.03627993733814,3.5159884711022396,131.93435564226408,1166.2275821886824
1464,82.620364484195,83.91828698290954,3.3265794930165553,131.89630835411975,1169.8639948114355
1465,82.52460648710334,83.80214694159235,3.071767364495583,131.8597965118242,1173.3661399922516
1466,82.43302016466987,83.68805304351548,3.4852216464624193,131.82487430848008,1176.7272960720586
1467,82.34573682113631,83.57619335831721,3.044172932607051,131.79159194528614,1179.941114037151
1468,82.26287696400112,83.46675032545754,3.4084099541266655,131.75999550534127,1183.0016443319566
1469,82.18455000320394,83.35990029860307,3.144092904476164,131.7301268377817,1185.9033623635664
1470,82.11085397804872,83.25581310522354,3.810943537160327,131.7020234525478,1188.6411925180712
1471,82.04187531254732,83.15465162250052,3.591613260957466,131.6757184260507,1191.2105305165373
1472,81.97768859979564,83.05657137060845,3.426470184449243,131.65124031798157,1193.607263948218
1473,81.9183564159211,82.9617201243845,3.654171860630698,131.62861309947652,1195.8277908303583
1474,81.86392916406616,82.87023754435798,3.2284165438255297,131.60785609282215,1197.8690360572139
1475,81.8144449487984,82.78225482806134,3.5027683236845335,131.5889839228572,1199.7284656161191
1476,81.76992948126069,82.69789438249462,3.430575756426023,131.57200648019548,1201.4040984647127
1477,81.73039601529861,82.61726951856163,3.4401120665277607,131.55692889636396,1202.8945159814189
1478,81.69584531472475,82.54048416824189,3.638630550919271,131.5437515309214,1204.1988689197883
1479,81.6662656518018,82.46763262520521,3.5276713581893744,131.53246997059048,1205.3168818171764
1480,81.64163283694816,82.39879930951713,3.4360955042552073,131.5230750404051,1206.2488548282283
1481,81.62191027959175,82.33405855702335,3.0447189135922983,131.51555282684626,1206.995662974213
1482,81.60704908002,82.27347443393974,3.181203192735637,131.5098847129053,1207.5587528198546
1483,81.59698815199651,82.21710057711114,3.3463593369424123,131.506047424986,1207.9401366095585
1484,81.59165437583773,82.16498006033835,3.387438657329203,131.50401309152502,1208.1423839149875
1485,81.59096278156716,82.11714528710742,3.1407622118366194,131.50374931317967,1208.168610865048
1486,81.59481676168917,82.07361790998924,3.8473536694252433,131.50521924440392,1208.0224670477253
1487,81.60310831305092,82.03440877691105,3.666689570904068,131.50838168620288,1207.7081201902672
1488,81.61571830718736,81.99951790443407,3.482403898160294,131.51319118982843,1207.2302387400625
1489,81.632516788474,81.96893447810406,3.3751336858590153,131.5195981711498,1206.5939724828168
1490,81.65336329934203,81.94263687987389,3.317206318094599,131.5275490354069,1205.8049313472254
1491,81.678107231743,81.92059274252965,3.1683606104392683,131.53698631202667,1204.8691625561335
1492,81.70658820398454,81.90275903098423,3.373509223974126,131.54784879915803,1203.793126293182
1493,81.73863646199506,81.88908215023513,3.4090028761881905,131.56007171755556,1202.5836700607576
1494,81.77407330401499,81.87949807971678,3.108707306172063,131.57358687342,1201.2480019102713
1495,81.81271152765237,81.87393253371141,3.4236665173311476,131.58832282977886,1199.7936627286624
1496,81.85435589818593,81.87230114741762,3.3257125372791725,131.60420508597147,1198.22849776612
1497,81.89880363694476,81.87450968821155,2.975293385641195,131.62115626478098,1196.5606275892897
1498,81.9458449285442,81.8804542915726,3.1850216237985762,131.63909630673714,1194.7984186414008
1499,81.99526344570995,81.89002172108405,3.2747697838801177,131.6579426710969,1192.9504535865462
1500,82.04683689037849,81.9030896518586,3.7355642071942405,131.677610542992,1191.0255016092879
1501,82.10033754972163,81.91952697668052,3.470011230950653,131.698013046219,1189.0324888333064
1502,82.1555328657053,81.93919413409925,3.092410645678091,131.71906146113275,1186.9804690141623
1503,82.21218601675862,81.9619434576542,3.4576469396473497,131.74066544709225,1184.8785946512337
1504,82.27005651010022,81.98761954535803,3.052031603572006,131.76273326889785,1182.7360886531283
1505,82.32890078324031,82.01605964851488,3.5791966563665247,131.78517202664761,1180.5622166791468
1506,82.38847281315584,82.04709407890164,3.2697059268713917,131.80788788843475,1178.3662602670877
1507,82.44852473161565,82.08054663329447,3.3465751742172394,131.83078632530058,1176.1574908449923
1508,82.50880744511775,82.11623503427975,3.631924965913908,131.85377234785298,1173.9451447113597
1509,82.56907125788952,82.15397138624724,3.1108801131192867,131.8767507439564,1171.7383990552564
1510,82.6290664963931,82.19356264542606,3.0905124314398704,131.89962631689903,1169.5463490746736
1511,82.68854413377528,82.23481110278848,3.254907389945127,131.92230412344026,1167.3779862385793
1512,82.74725641270142,82.27751487861457,3.581053880227061,131.94468971114495,1165.2421777255179
1513,82.80495746501592,82.32146842748135,3.071310990431367,131.96668935441193,1163.1476470595105
1514,82.86140392668123,82.36646305241467,2.8105938655268883,131.98821028860937,1161.1029559523988
1515,82.91635554645768,82.41228742691825,3.2886720128218485,132.00916094173417,1159.1164873508703
1516,82.96957578680308,82.45872812357533,3.4911560130487724,132.02945116302078,1157.1964296761505
1517,83.02083241549022,82.50557014790157,3.62278072601173,132.04899244793205,1155.3507622349462
1518,83.06989808646323,82.55259747611504,3.292024224103637,132.06769815897493,1153.5872417716423
1519,83.11655090848133,82.5995935954789,3.304298015991434,132.085483741795,1151.9133901240116
1520,83.1605750001284,82.64634204586635,3.6192801707316695,132.10226693601635,1150.336482937896
1521,83.20176102980109,82.69262696119424,3.01644936546988,132.11796798030608,1148.863539390517
1522,83.23990673932607,82.73823360937189,3.3145634229476455,132.13250981115894,1147.501312866897
1523,83.27481744989734,82.78294892941568,3.4321856840910545,132.14581825491248,1146.2562825300763
1524,83.30630654906922,82.8265620643868,3.485732788896866,132.15782221252127,1145.134645722418
1525,83.33419595758767,82.86886488882021,3.2956621218034523,132.1684538366359,1144.1423111331735
1526,83.35831657489322,82.9096525293263,3.4061839560435465,132.17764870055345,1143.2848926659528
1527,83.37850870218188,82.94872387706425,2.9032322082770365,132.1853459586249,1142.5677039392128
1528,83.39462244196643,82.9858820908061,3.2707714832562806,132.191488497727,1141.995753352907
1529,83.4065180731401,83.02093508933393,3.4945600811735846,132.19602307942867,1141.5737396555032
1530,83.41406640060411,83.05369603193978,3.208742730458595,132.1989004725044,1141.3060479470264
1531,83.41714907858608,83.08398378582697,3.4182401795368254,132.20007557547075,1141.1967460561048
1532,83.41565890684068,83.11162337924478,3.4969510587095756,132.19950752884824,1141.2495812317989
1533,83.40950009899247,83.13644643922375,3.3400844638366207,132.1971598168736,1141.4679770944365
1534,83.39858852234998,83.1582916128176,3.4435827103248364,132.19300035841576,1141.85503079354
1535,83.38285190859166,83.17700497079878,3.2177106907458275,132.1870015868732,1142.413510325382
1536,83.36223003479735,83.19244039279866,3.3695678001655356,132.1791405188592,1143.145851967416
1537,83.33667487437226,83.2044599329298,3.533426091167966,132.1693988115069,1144.0541577921215
1538,83.30615071748689,83.21293416497622,3.443124892957712,132.1577628082551,1145.1401932282408
1539,83.27063426073127,83.21774250628914,3.294621188845068,132.14422357300347,1146.4053846432416
1540,83.23011466575973,83.21877351957836,3.4568129951608717,132.12877691255372,1147.8508169269055
1541,83.18459358677961,83.21592519184513,3.554774890992974,132.11142338728217,1149.4772310622143
1542,83.13408516681504,83.20910518975928,3.001585057064635,132.09216831001712,1151.285021676202
1543,83.07861600275537,83.19823109084228,3.6429422877157136,132.07102173312398,1153.2742345699935
1544,83.0182250792753,83.18323058987836,3.3432615064487985,132.04799842382883,1155.4445642339736
1545,82.95296367179215,83.16404168003784,3.4948236955295977,132.02311782783985,1157.7953513607602
1546,82.88289521870277,83.14061280825992,3.648214509867702,131.99640402135515,1160.325580375412
1547,82.80809516321926,83.11290300450653,3.1332942837386746,131.9678856515726,1163.0338770090448
1548,82.728650765199,83.08088198456424,3.264427960881625,131.93759586584613,1165.9185059486442
1549,82.64466088343926,83.04453022613716,3.3471160000964826,131.90557222966044,1168.9773686024255
1550,82.55623572898047,83.00383901804076,3.2464066955147857,131.871856633623,1172.2080010264149
1551,82.46349659003504,82.95881048237362,3.7482985449446806,131.8364951896993,1175.6075720640727
1552,82.36657552922877,82.90945756961155,3.2279333415887153,131.79953811694367,1179.1728817566254
1553,82.26561505391211,82.85580402663659,3.285978609194727,131.761039617004,1182.9003600872632
1554,82.1607677603649,82.79788433778062,3.435591064169601,131.72105773970276,1186.7860661275251
1555,82.0521959527842,82.73574363903091,3.15173558398505,131.67965423902274,1190.8256876587905
1556,81.94007123800733,82.66943760561229,3.3103107994788514,131.6368944198486,1195.0145413459568
1557,81.82457409698327,82.59903231322653,3.450050977092323,131.59284697583865,1199.3475735439715
1558,81.70589343406327,82.52460407329626,3.3169366861286447,131.5475838188226,1203.8193618206674
1559,81.58422610523756,82.4462392426247,3.361618437167623,131.50117990014425,1208.4241172816257
1560,81.45977642649699,82.3640340079474,3.2710589718361693,131.4537130243853,1213.1556877840922
1561,81.3327556635486,82.27809414591417,3.070507798146328,131.40526365592874,1218.0075621274812
1562,81.20338150416059,82.18853475910137,3.434048567391004,131.3559147188358,1222.9728753076622
1563,81.07187751445547,82.09547998871422,3.7169012938667314,131.30575139052988,1228.0444149206878
1564,80.93847258051026,81.99906270469722,3.365641897049274,131.2548608897941,1233.2146287993949
1565,80.80340033665996,81.89942417402744,3.4029292145846353,131.20333225960727,1238.4756339625199
1566,80.66689858193233,81.79671370801952,3.4922098130521726,131.1512561453523,1243.8192269516064
1567,80.52920868607372,81.69108828952405,3.095468520561146,131.098724568948,1249.236895624948
1568,80.39057498664941,81.58271218095116,3.685394131044919,131.0458306994612,1254.7198324709323
1569,80.25124417872634,81.4717565140991,3.3808077763626234,130.99266862077013,1260.2589494949548
1570,80.11146469866307,81.35839886281276,3.6620657331931454,130.93933309685494,1265.8448947246939
1571,79.97148610354772,81.24282279954068,3.18434913567637,130.88591933529958,1271.4680703680556
1572,79.83155844783435,81.12521743689848,3.689746299424403,130.83252274959398,1277.1186526463794
1573,79.69193165873637,81.00577695538497,3.476267953977741,130.77923872082977,1282.7866133129437
1574,79.55285491193791,80.88470011843106,3.4268807220261452,130.72616235938474,1288.4617428529086
1575,79.4145760091837,80.76218977599378,3.3580546716863746,130.67338826719228,1294.1336753464295
1576,79.27734075930299,80.63845235793622,3.2564708230604955,130.6210103011916,1299.7919149612187
1577,79.14139236421485,80.51369735845944,3.541167923391612,130.56912133855235,1305.4258640247836
1578,79.00697081144912,80.38813681287525,3.3239855832974947,130.5178130442634,1311.0248526101445
1579,78.87431227470202,80.26198476802747,2.897327434771696,130.4671756416712,1316.5781695518604
1580,78.7436485239239,80.13545674768551,3.0621164343137055,130.41729768654506,1322.0750947923266
1581,78.61520634641458,80.00876921424627,3.2431903873455474,130.36826584524087,1327.5049329412598
1582,78.48920698037222,79.8821390280901,3.3371674967848053,130.3201646775223,1332.8570479146867
1583,78.36586556231232,79.75578290594194,3.258669401363641,130.27307642459067,1338.1208985035012
1584,78.24539058973762,79.62991687959158,3.5086207500219873,130.22708080285895,1343.2860747062682
1585,78.12798340040217,79.50475575632579,2.869474613201633,130.18225480399434,1348.3423346463244
1586,78.01383766947082,79.3805125824212,3.2833186031803017,130.13867250173695,1353.2796418799683
1587,77.9031389258315,79.25739811103873,2.885957477475157,130.09640486598548,1358.0882028904962
1588,77.79606408876847,79.13562027584953,3.3965028904066648,130.05551958462348,1362.758504552586
1589,77.69278102615554,79.01538367170836,3.2207389876516426,130.01608089354073,1367.2813513429003
1590,77.59344813527272,78.89688904367206,3.318694445195378,129.9781494152828,1371.647902066345
1591,77.49821394729466,78.78033278564061,3.057217052093312,129.94178200674122,1375.849705863025
1592,77.40721675643897,78.6659064498738,3.481195150776376,129.9070316162738,1379.8787372587967
1593,77.3205842747017,78.55379626860946,3.429050579824758,129.8739471506201,1383.7274300228237
1594,77.23843331304278,78.4441826889789,3.3329203508505123,129.84257335195377,1387.388709598123
1595,77.16086948981841,78.3372399223822,3.185923387444982,129.8129506853862,1390.856023876664
1596,77.08798696718893,78.23313550944943,3.3235300129464527,129.78511523721022,1394.123372098234
1597,77.01986821616141,78.13202990167542,3.0620347123712226,129.75909862414534,1397.1853316628046
1598,76.95658381085379,78.03407606077361,3.370508250295861,129.73492791381742,1400.0370826587553
1599,76.89819225249514,77.93941907675041,3.525412361011551,129.7126255566769,1402.6744299244717
1600,76.84473982360164,77.84819580565468,3.4058981400276793,129.69220932953155,1405.0938224780393
1601,76.7962604726933,77.76053452790791,3.0422614216827424,129.67369229083815,1407.2923701688603
1602,76.75277572983867,77.6765546280688,3.2570222032054414,129.65708274786877,1409.2678574261313
1603,76.71429465323969,77.59636629683304,2.9228227094184254,129.64238423583637,1411.0187540013849
1604,76.68081380698928,77.52007025601273,3.2928009427316574,129.6295955090332,1412.5442226261005
1605,76.65231727005784,77.44775750718316,3.265478740367017,129.618710544006,1413.8441235299772
1606,76.62877667648596,77.37950910462506,2.7985966053831945,129.60971855475853,1414.919015790651
1607,76.61015128668294,77.31539595312988,2.9375744652958526,129.60260401994455,1415.7701555112758
1608,76.5963880896528,77.25547863117346,3.110846844529359,129.59734672198002,1416.399490847877
1609,76.58742193589248,77.19980723990004,3.1050201474077364,129.59392179797496,1416.8096539335481
1610,76.58317570062985,77.1484212782942,2.921189885326301,129.59229980235446,1417.0039497711703
1611,76.58356047699363,77.10134954485248,3.2389510772093884,129.5924467810079,1416.9863421898208
1612,76.58847579863226,77.0586100660008,3.209697734494135,129.5943243567766,1416.7614369824087
1613,76.59780989122562,77.0202100514362,3.1189747857131804,129.59788982606005,1416.334462362828
1614,76.61143995226047,76.98614587650488,3.0052736809050278,129.60309626629444,1415.7112468999708
1615,76.62923245837072,76.95640309166036,3.364953952041388,129.6098926540266,1414.8981951030162
1616,76.6510434994741,76.93095645897817,3.4852506374357644,129.6182239932825,1413.902260847309
1617,76.67671913887014,76.90977001563584,3.0565882738717622,129.62803145390083,1412.7309188428164
1618,76.70609579839952,76.89279716419948,3.0301713003012143,129.63925251947893,1411.3921343573663
1619,76.73900066770179,76.87998078949134,3.2503207454515444,129.65182114455206,1409.8943314147316
1620,76.77525213654891,76.87125340174615,3.0801155135221947,129.66566792060598,1408.2463596928867
1621,76.81466024917367,76.86653730569844,3.1236485894009896,129.6807202504985,1406.4574603506662
1622,76.85702717945743,76.86574479517836,3.299426166947247,129.69690253084596,1404.5372310115497
1623,76.90214772578992,76.86877837272932,2.769748695780444,129.714136341911,1402.4955901312203
1624,76.94980982436347,76.87553099369883,3.415557235712186,129.73234064450764,1400.3427409716753
1625,76.99979507961926,76.88588633419221,3.1668574445677486,129.7514319834246,1398.0891353981606
1626,77.05187931051964,76.89971908221949,3.070589853458563,129.77132469685031,1395.7454377072856
1627,77.1058331112807,76.91689525130792,3.135745874459335,129.79193113126928,1393.322488684573
1628,77.16142242516447,76.93727251579597,3.1469140441517385,129.81316186128558,1390.8312700783395
1629,77.21840912989543,76.96070056697093,2.809148462556823,129.83492591381815,1388.2828696639492
1630,77.27655163323904,76.98702148915994,3.455455526546205,129.85713099610206,1385.6884470585726
1631,77.335605477253,77.01607015483437,3.165924002802333,129.8796837269205,1383.0592004315913
1632,77.3953239497014,77.04767463773996,3.2475550862368134,129.90248987048594,1380.406334240514
1633,77.4554587011033,77.08165664302024,3.3506578764786386,129.92545457238216,1377.741028105918
1634,77.51576036587332,77.11783195325799,2.9575986185715175,129.94848259697477,1375.0744069230018
1635,77.57597918600212,77.15601088932,3.258090826269166,129.97147856569518,1372.4175122907184
1636,77.63586563571734,77.19599878485312,3.111507731999219,129.99434719560125,1369.7812753234534
1637,77.69517104556417,77.2375964732457,3.336095610446373,130.01699353761842,1367.1764908942846
1638,77.75364822434548,77.28060078583735,2.7430591481490323,130.03932321386665,1364.6137933433606
1639,77.81105207736692,77.32480506013148,3.150498147417137,130.06124265348123,1362.1036336702625
1640,77.86714021944162,77.36999965674066,3.0516058547695746,130.08265932634052,1359.6562582151034
1641,77.92167358112268,77.41597248377249,3.2605074619615033,130.10348197411997,1357.281688819867
1642,77.97441700664764,77.46250952734542,3.2699717280948026,130.12362083809842,1354.9897044492925
1643,78.02513984210104,77.50939538690838,3.0363600318988384,130.1429878831522,1352.7898242393246
1644,78.07361651232416,77.55641381402636,3.037378193539872,130.1614970173823,1350.6912919309511
1645,78.11962708513079,77.60334825328506,3.159604204673222,130.1790643068323,1348.7030616381892
1646,78.16295782141812,77.64998238396282,3.004320832279434,130.19560818476592,1346.8337848910605
1647,78.20340170979811,77.69610066111576,3.3539368661961717,130.2110496549891,1345.0917988875294
1648,78.24075898441306,77.74148885472387,3.1135596029541897,130.22531248871525,1343.485115882796
1649,78.27483762464092,77.7859345855503,2.6078256741432337,130.2383234144902,1342.0214136397535
1650,78.30545383544136,77.82922785637454,3.1160339307869953,130.25001230070893,1340.7080268610173
1651,78.33243250714219,77.87116157727185,2.9850088604993514,130.26031233027783,1339.551939520598
1652,78.35560765351657,77.91153208362557,2.8681176523364593,130.26916016699298,1338.559778011873
1653,78.37482282705653,77.95013964557815,2.94847039782419,130.2764961132278,1337.7378050283503
1654,78.38993151040421,77.98678896764699,3.2193400420401206,130.2822642585439,1337.091914094126
1655,78.40079748296296,78.02128967725665,3.464601042417169,130.28641261886196,1336.6276246626294
1656,78.40729516177167,78.05345680096623,3.2628286236126116,130.28889326585295,1336.350077704362
1657,78.40930991579054,78.08311122720158,3.080106882672117,130.2896624462335,1336.2640317076355
1658,78.40673835281247,78.11008015433582,3.293694125361909,130.28868069067514,1336.37385901998
1659,78.39948857828321,78.13419752299811,3.111684036399124,130.28591291206124,1336.6835424624408
1660,78.38748042538316,78.1553044315302,3.065447407860109,130.28132849285285,1337.196672154079
1661,78.37064565579578,78.17324953355234,2.974230697229049,130.27490136135043,1337.9164424895307
1662,78.34892813066092,78.18788941664472,2.85533770473209,130.26661005666605,1338.8456492187236
1663,78.32228395128556,78.19908896119813,3.1281779060972346,130.2564377822477,1339.9866865843405
1664,78.29068156926039,78.20672167853665,3.238086286804029,130.24437244782555,1341.3415444796049
1665,78.25410186570704,78.21067002746751,3.18731273712319,130.2304066996781,1342.9118055962626
1666,78.2125381994577,78.2108257084667,3.1234504684576634,130.21453793914407,1344.6986425402642
1667,78.16599642404687,78.20708993476505,3.017341475186011,130.19676832933558,1346.7028149004316
1668,78.11449487347276,78.19937367965736,3.3278235592029457,130.17710479003512,1348.9246662635046
1669,78.05806431676379,78.18759789941623,2.9422651298867484,130.15555898078898,1351.3641211771137
1670,77.99674788146383,78.17169373125353,3.36024502575009,130.1321472722376,1354.0206820704966
1671,77.93060094622756,78.1516026658347,3.003772305513878,130.10689070575233,1356.8934261511972
1672,77.85969100279416,78.12727669391465,3.0527312969798936,130.0798149414759,1359.9810023042555
1673,77.78409748768445,78.0986784267288,2.9086887773727454,130.05095019489275,1363.2816280287243
1674,77.70391158404222,78.06578118983825,3.100416599406241,130.02033116208335,1366.7930864545397
1675,77.61923599411486,78.02856909019464,3.394233824393576,129.987996933843,1370.5127234908105
1676,77.53018468294208,77.98703705625692,3.300594136995325,129.95399089887417,1374.4374451643698
1677,77.43688259389353,77.94119085105997,3.391273247299066,129.91836063628796,1378.563715214928
1678,77.33946533676577,77.89104705820212,3.2979614385730742,129.88115779767537,1382.8875530204052
1679,77.238078849219,77.83663304078686,2.9705679889661876,129.8424379790359,1387.4045319326717
1680,77.13287903239899,77.77798687342121,3.1227396169447585,129.8022605828755,1392.1097781101444
1681,77.02403136165552,77.71515724744074,3.030281621321578,129.76068867080994,1396.9979699394296
1682,76.91171047333012,77.64820334959819,3.4496913181413342,129.71778880703346,1402.063338143069
1683,76.79609972864569,77.57719471451881,2.941307254010009,129.67363089303512,1407.299666674792
1684,76.67739075578865,77.5022110512913,3.3563301909807652,129.6282879939674,1412.700294506994
1685,76.55578297132756,77.42334204462765,3.3529477978514874,129.58183615709206,1418.258118417736
1686,76.43148308216462,77.34068713108906,3.5368922127178686,129.53435422274785,1423.9655968860357
1687,76.30470456926531,77.25435525093708,3.0854912467625213,129.48592362830544,1429.814755204586
1688,76.17566715445572,77.1644645762303,3.3062074795414746,129.4366282055898,1435.7971919184056
1689,76.0445962516212,77.07114221584621,3.6162471981574633,129.3865539722697,1441.9040866958132
1690,75.9117224036774,76.97452389816547,3.0324271444380453,129.33578891772783,1448.126209734928
1691,75.77728070672134,76.87475363221179,2.8448568494142115,129.28442278394002,1454.4539328042015
1692,75.6415102228018,76.7719833480943,2.7716493104903135,129.23254684190522,1460.8772420094015
1693,75.50465338277634,76.66637251765113,3.2858636789959625,129.1802536641788,1467.3857523720294
1694,75.36695538074835,76.55808775624256,2.762251556394228,129.12763689407362,1473.9687242950108
1695,75.2286635615968,76.44730240668875,3.059875588086654,129.0747910121009,1480.6150819811717
1696,75.09002680313034,76.33419610639221,3.217164677769873,129.02181110023164,1487.3134338579455
1697,74.95129489440941,76.21895433872697,3.1620122352537887,128.9687926045654,1494.0520950483767
1698,74.81271791179064,76.10176796981561,3.2052614595992748,128.91583109699724,1500.8191119137903
1699,74.67454559425282,75.98283277185205,3.159754114806105,128.86302203647867,1507.6022886772469
1700,74.53702671956621,75.86234893416156,3.3661294689633023,128.8104605304689,1514.3892161197132
1701,74.40040848286382,75.74052056322009,2.9148980669442643,128.75824109717308,1521.1673023223884
1702,74.26493587916869,75.61755517288248,2.9649207343964754,128.70645742916483,1527.9238054093564
1703,74.1308510914195,75.4936631660939,2.940708300755685,128.65520215898513,1534.6458682244706
1704,73.99839288552535,75.36905730937985,3.2561697120570963,128.60456662730812,1541.3205548558856
1705,73.86779601396063,75.24395220142826,3.2650817579375713,128.55464065425653,1547.934888900291
1706,73.73929062939158,75.11856373709186,3.170106177084468,128.50551231444422,1554.4758933380692
1707,73.61310170979942,74.99310856815083,3.31141618467217,128.4572677163132,1560.9306318691954
1708,73.48944849653756,74.86780356218306,2.8339717725742295,128.409990786323,1567.2862515393047
1709,73.36854394672689,74.74286526089504,3.3979022980069247,128.36376305853946,1573.530026465233
1710,73.25059420135852,74.618509339267,3.3640066072523993,128.31866347015523,1579.649402450364
1711,73.1357980704327,74.49495006686415,3.20141735219058,128.2747681634619,1585.6320422624137
1712,73.02434653642158,74.3723997726606,3.4056281724332966,128.2321502947763,1591.4658713300014
1713,72.91642227729608,74.25106831471356,2.7129691593677014,128.19087985080725,1597.1391236000636
1714,72.8121992103098,74.13116255601325,2.934488037544013,128.151023472931,1602.640387285811
1715,72.71184205767977,74.0128858478188,2.88746762762418,128.11264428982244,1607.9586502250656
1716,72.61550593524981,73.89643752177138,3.1740498031440953,128.07580175886977,1613.0833445613125
1717,72.5233359651646,73.78201239205414,2.815034360153791,128.04055151677824,1618.0043904553665
1718,72.4354669135226,73.66980026884318,3.1719608408900677,128.00694523974397,1622.7122385336463
1719,72.35202285391338,73.5599854842657,3.290066633654236,127.97503051355665,1627.1979107805564
1720,72.27311685768053,73.45274643205026,3.150603183730861,127.94485071396358,1631.453039586907
1721,72.1988507116841,73.34825512201975,3.06402866473511,127.91644489760141,1635.4699046738995
1722,72.12931466426836,73.24667675054047,2.80553907859201,127.88984770377616,1639.2414676230323
1723,72.06458720006918,73.1481692880012,2.8297047475829764,127.86508926734277,1642.7614037561987
1724,72.00473484422491,73.05288308435317,3.2450919875178137,127.84219514290918,1646.0241311270306
1725,71.94981199647897,72.96096049369699,3.147269181022643,127.82118624055838,1649.0248364043487
1726,71.89986079558973,72.87253551885472,2.979970052397535,127.80207877325526,1651.7594974508067
1727,71.85491101438615,72.78773347681567,2.9007151633962645,127.78488421607241,1654.2249024246237
1728,71.81497998573143,72.70667068589199,2.5758119234992964,127.76960927734065,1656.4186652589808
1729,71.78007255958002,72.62945417536599,2.7636371374531183,127.75625588179862,1658.3392374023124
1730,71.75018109123509,72.55618141835508,3.357087255580503,127.7448211657848,1659.9859157327026
1731,71.72528546083585,72.48694008856181,2.715873429430541,127.73529748448466,1661.3588465904966
1732,71.70535312402605,72.42180784151716,3.00719008574642,127.72767243121457,1662.4590259050985
1733,71.69033919367698,72.36085212086381,3.1682837315944563,127.72192886869334,1663.2882954235595
1734,71.68018655246085,72.30412999016356,2.713484795996248,127.718044972221,1663.8493350805318
1735,71.67482599599282,72.25168799064933,2.999261302572839,127.71599428465402,1664.1456515800687
1736,71.6741764061843,72.20356202527725,3.1479291505384985,127.71574578303661,1664.1815632900687
1737,71.67814495437398,72.15977726936865,2.961050732425565,127.71726395671618,1663.9621815788723
1738,71.68662733372896,72.12034810806534,3.530614883564033,127.72050889674378,1663.4933887505858
1739,71.69950802033505,72.08527810075448,2.6217765503552943,127.72543639632939,1662.7818127608846
1740,71.71666056232368,72.05455997255191,3.1659826648514042,127.73199806209526,1661.8347989176339
1741,71.73794789631276,72.02817563286531,2.918594853468185,127.74014143584229,1660.6603787909667
1742,71.7632226903705,72.00609622099074,3.1066339760279558,127.74981012651759,1659.267236574826
1743,71.79232771264499,71.9882821786286,3.0397809996636216,127.76094395204547,1657.6646731564445
1744,71.82509622473826,71.97468334913773,2.804330777892648,127.77347909066019,1655.8625681617607
1745,71.86135239884129,71.9652391032797,2.996374081726336,127.78734824135304,1653.8713402531444
1746,71.90091175758775,71.95987849113871,2.57877472785703,127.80248079302471,1651.7019059609456
1747,71.94358163552668,71.95852041983771,3.070948837327625,127.81880300191177,1649.3656373327747
1748,71.98916166106102,71.96107385660632,3.0100357213189644,127.83623817683522,1646.8743186834738
1749,72.03744425764708,71.96743805669306,3.0783969940530356,127.85470687179993,1644.2401027251158
1750,72.08821516300239,71.97750281555217,3.162701280455069,127.87412708545511,1641.4754663500023
1751,72.14125396502416,71.99114874467483,3.0251610665736104,127.89441446690984,1638.5931663306342
1752,72.19633465307875,72.00824757037516,2.981956034345037,127.91548252738143,1635.6061951894226
1753,72.25322618328444,72.02866245478427,2.7769614933138964,127.93724285714075,1632.527737477555
1754,72.31169305637411,72.05224833825008,2.811698029138443,127.95960534720547,1629.371126687274
1755,72.37149590669412,72.07885230228709,3.1925798684292372,127.9824784152214,1626.1498030051346
1756,72.43239210086666,72.10831395216871,3.243707953180113,128.00576923496178,1622.8772720957406
1757,72.49413634461935,72.14046581820627,2.9101370112840463,128.02938396886623,1619.5670650865459
1758,72.55648129626566,72.17513377471121,2.9683810342138144,128.0532280030345,1616.2326999045315
1759,72.61917818530232,72.2121374755938,2.779774761500593,128.07720618408388,1612.8876440954004
1760,72.68197743457777,72.25129080550914,3.196854292079364,128.10122305727657,1609.5452792355838
1761,72.74462928447659,72.2924023454231,3.097071860900703,128.12518310531973,1606.2188670270223
1762,72.80688441755946,72.33527585143446,3.353989797201563,128.1489909872411,1602.9215171446278
1763,72.86849458209802,72.37971074565642,2.791903525135966,128.17255177674267,1599.6661568868958
1764,72.92921321294543,72.4255026179305,2.8938440275315074,128.19577119943858,1596.465502661109
1765,72.98879604819102,72.47244373711888,3.017659377726989,128.2185558683849,1593.3320333168188
1766,73.04700174005794,72.52032357069713,3.1026311739437364,128.24081351731635,1590.2779653240561
1767,73.10359245851652,72.56892931134874,2.932192574255772,128.26245323100983,1587.3152297770637
1768,73.15833448610499,72.6180464092451,2.802747684688309,128.2833856722033,1584.455451189594
1769,73.21099880247036,72.66745910868053,3.155647329240616,128.3035233045079,1581.709928034492
1770,73.26136165716892,72.71695098772123,3.1256220630056872,128.32278061076124,1579.0896149684036
1771,73.30920512929423,72.76630549951898,2.8001637053675332,128.34107430628328,1576.6051066717826
1772,73.35431767253398,72.81530651393689,3.2565161272925116,128.358323546507,1574.2666232253803
1773,73.39649464429363,72.86373885813329,3.221453035022786,128.37445012847374,1572.083996936473
1774,73.43553881756377,72.91138885475249,3.0162262424944104,128.3893786856961,1570.0666605221033
1775,73.47126087425207,72.95804485637746,3.0071994115866834,128.4030368759093,1568.2236365513954
1776,73.503479878747,73.00349777490825,3.10395496299442,128.41535556125072,1566.5635280456602
1777,73.53202373052903,73.04754160454331,2.8226085917350243,128.42626898042454,1565.094510132738
1778,73.55672959469877,73.08997393705627,3.002695227252124,128.43571491243054,1563.8243226509344
1779,73.57744430934524,73.13059646808036,2.567877746269459,128.44363483145565,1562.7602635981978
1780,73.59402476873657,73.16921549313504,3.175228964319124,128.44997405254938,1561.909183323549
1781,73.60633828137517,73.20564239215506,2.6891326935899857,128.45468186772752,1561.2774793599992
1782,73.61426290202225,73.23969410131066,3.303511423839537,128.45771167217174,1560.8710918017568
1783,73.6176877368622,73.27119357093996,2.938094917615248,128.4590210802169,1560.6954991326259
1784,73.61651322104362,73.2999702084486,2.962965382160157,128.45857203084338,1560.755714417816
1785,73.61065136790371,73.32586030506985,2.880813491290963,128.4563308824177,1561.056281777105
1786,73.60002598925274,73.34870744541843,2.9496892304777402,128.45226849645016,1561.60127306398
1787,73.58457288616817,73.36836289881424,3.2918091478809917,128.4463603101661,1562.3942846827204
1788,73.56424000982167,73.38468599139819,2.51121039434031,128.43858639771375,1563.4384344829725
1789,73.53898759193659,73.39754445810972,3.2646924000001363,128.42893151985984,1564.736358679898
1790,73.50878824455052,73.40681477364646,3.0772841019398465,128.4173851620524,1566.2902087566413
1791,73.47362702883277,73.41238246157866,2.768503351353282,128.40394156075715,1568.1016483150115
1792,73.43350149278545,73.41414238084589,2.794917359004834,128.38859971800423,1570.1718498497737
1793,73.38842167773356,73.41199898891986,3.345170563987355,128.37136340410947,1572.501491431673
1794,73.33841009358778,73.40586658097553,2.820539153831451,128.35224114856248,1575.0907532942883
1795,73.28350166294224,73.39566950447275,2.778552347564191,128.33124621910474,1577.9393143299064
1796,73.22374363414643,73.38134234861222,3.236097944766047,128.30839658904705,1581.0463485098453
1797,73.15919546356898,73.36283010819196,3.0755866096930533,128.28371489290603,1584.4105212548502
1798,73.08992866734727,73.3400883214549,2.8193585058723714,128.2572283704668,1588.029985791457
1799,73.01602664299367,73.31308318158312,3.0491614055258323,128.22896879940754,1591.9023795403725
